Date,strategy_daily
2007-07-02,0.00028047267475862146
2007-07-03,-3.5714285714285714e-06
2007-07-05,-3.5714285714285714e-06
2007-07-06,0.00043280177533312124
2007-07-09,0.00021462691168861657
2007-07-10,0.00021489996428848056
2007-07-11,-3.5714285714285714e-06
2007-07-12,0.0002142110795820904
2007-07-13,0.0002143773359474319
2007-07-16,0.00021400940158534308
2007-07-17,0.00043245668952896697
2007-07-18,-0.00022154384107774618
2007-07-19,0.00021444850626595933
2007-07-20,0.0004328003747221607
2007-07-23,-3.5714285714285714e-06
2007-07-24,-3.5714285714285714e-06
2007-07-25,0.0002141992103982324
2007-07-26,0.00021372509755369283
2007-07-27,0.0004318870730758504
2007-07-30,-0.000873576322815365
2007-07-31,0.0013028390092254614
2007-08-01,-0.0003310266232596706
2007-08-02,0.0002143061052809556
2007-08-03,-0.0004394447166897666
2007-08-06,0.0010881862170105748
2007-08-07,0.00021550047973229656
2007-08-08,-0.00044076746233245114
2007-08-09,0.0008702443715266149
2007-08-10,0.0006501273389051341
2007-08-13,0.0002142567205477639
2007-08-14,-0.00022135213892148588
2007-08-15,0.0002142567205477639
2007-08-16,0.0013040698776661884
2007-08-17,0.000649660876596355
2007-08-20,0.0008662703729308628
2007-08-21,-0.00022147911396874022
2007-08-22,-3.5714285714285714e-06
2007-08-23,-0.0006548915051389694
2007-08-24,-0.0002212441390254596
2007-08-27,-0.0013085120507477712
2007-08-28,0.0010847508279109373
2007-08-29,0.0006494127942678971
2007-08-30,0.00021416015634468576
2007-08-31,-0.00022125561676433005
2007-09-04,0.00014922266610651523
2007-09-05,0.0002155060737286738
2007-09-06,-3.5714285714285714e-06
2007-09-07,0.0006505472332419902
2007-09-10,0.0002139369346886375
2007-09-11,-0.0010934201511254495
2007-09-12,0.0015240300027207297
2007-09-13,-0.0002213614173716052
2007-09-14,0.0006508944347879484
2007-09-17,0.0004321361351001882
2007-09-18,-0.0006575360746859861
2007-09-19,0.00043254909404456175
2007-09-20,-0.0006572553157241292
2007-09-21,0.0004329619098747481
2007-09-24,0.0008673142849641234
2007-09-25,0.00021372252539875934
2007-09-26,-0.001090757075224761
2007-09-27,0.00021391176359898044
2007-09-28,-0.0004395018329916769
2007-10-01,0.0010895893374417507
2007-10-02,-0.000658413142009754
2007-10-03,0.0002152403272622858
2007-10-04,0.0010883429544185162
2007-10-05,-0.0010942948349861239
2007-10-08,0.001525764893441369
2007-10-09,-0.0006581212100200608
2007-10-10,0.0008693455066409804
2007-10-11,-0.00022131979007044357
2007-10-12,0.00021422435760321744
2007-10-15,-0.00043938510697204915
2007-10-16,0.0006505926603884791
2007-10-17,0.0004324641210012934
2007-10-18,-3.5714285714285714e-06
2007-10-19,0.0008680139995759304
2007-10-22,-0.00043819346194639365
2007-10-23,-3.5714285714285714e-06
2007-10-24,0.0004312395832496505
2007-10-25,-0.0002208824452588556
2007-10-26,-0.0004394485814864715
2007-10-29,0.0008680352221134356
2007-10-30,-0.0004387315661309379
2007-10-31,0.00021378682245865786
2007-11-01,0.0006745233361212875
2007-11-02,0.0006511878469829333
2007-11-05,-3.5714285714285714e-06
2007-11-06,-3.5714285714285714e-06
2007-11-07,0.0006511808190777866
2007-11-08,-0.0006578952562237208
2007-11-09,0.0008690452837821847
2007-11-12,0.00043230390034810416
2007-11-13,-0.00022136153446160957
2007-11-14,-0.0004391412905466665
2007-11-15,0.0006501207107515526
2007-11-16,-3.5714285714285714e-06
2007-11-19,0.00043232442104346934
2007-11-20,0.00021454445195779524
2007-11-21,0.00043203948498028087
2007-11-23,0.00021387644594662224
2007-11-26,-0.0006562986082594348
2007-11-27,0.0008673349670232997
2007-11-28,0.00021409703126863054
2007-11-29,-0.0006560145824135923
2007-11-30,0.00021387644594662224
2007-12-03,-0.00024345812387526557
2007-12-04,0.00021419663792777353
2007-12-05,-3.5714285714285714e-06
2007-12-06,0.00021509492314287425
2007-12-07,0.0008697471600037719
2007-12-10,-0.0006579101329262573
2007-12-11,0.0013051226061154906
2007-12-12,-0.0002211223091490502
2007-12-13,0.0004322545129972286
2007-12-14,-0.0006571304201358132
2007-12-17,0.00043213967146272435
2007-12-18,-3.5714285714285714e-06
2007-12-19,0.0004327890647760699
2007-12-20,0.00043196964576187245
2007-12-21,-3.5714285714285714e-06
2007-12-24,-3.5714285714285714e-06
2007-12-26,-0.0004389228894616717
2007-12-27,0.00043196964576187245
2007-12-28,-2.558004840457563e-05
2007-12-31,-0.00022230000244648852
2008-01-02,0.0023651035201919866
2008-01-03,-6.43792835028598e-05
2008-01-04,0.00016041419538058294
2008-01-07,0.0009395512329377374
2008-01-08,0.00020804165287717513
2008-01-09,-0.0008445914501762095
2008-01-10,0.00023548055858295657
2008-01-11,0.001459604975255951
2008-01-14,0.000966010279363673
2008-01-15,0.0006017969820550785
2008-01-16,-0.000560730588851342
2008-01-17,0.0009254850921210324
2008-01-18,0.0004721931371724644
2008-01-22,0.0023252684224299774
2008-01-23,7.6919936286531e-05
2008-01-24,-0.000721274061639491
2008-01-25,0.00066605820697046
2008-01-28,2.1482396721325626e-05
2008-01-29,-5.5506972943246565e-05
2008-01-30,0.0004458904078290355
2008-01-31,0.0007191901339441476
2008-02-01,0.00036421074965664927
2008-02-04,-0.0026822218598842643
2008-02-05,0.002233536886148885
2008-02-06,0.00029051640762542207
2008-02-07,-0.004938188976563097
2008-02-08,0.004642509927905154
2008-02-11,0.0013399978527700313
2008-02-12,-0.0022076923801216887
2008-02-13,-0.0018528017348544527
2008-02-14,-0.002357501497102587
2008-02-15,0.0006998210149617108
2008-02-19,-0.0020583509509897336
2008-02-20,0.0002645528467907506
2008-02-21,0.005312617753787486
2008-02-22,-0.0012612377424217772
2008-02-25,-0.0037116837737708563
2008-02-26,0.0020117729302349683
2008-02-27,0.0017963154526095986
2008-02-28,0.006198762761792665
2008-02-29,0.0052756886904106745
2008-03-03,-0.0009715571664570262
2008-03-04,-0.0046482748774875115
2008-03-05,-0.00112843083843223
2008-03-06,0.005165092836380243
2008-03-07,0.002264040011815747
2008-03-10,0.005287744346430266
2008-03-11,-0.008193390720475249
2008-03-12,0.009719696045356824
2008-03-13,-0.002914221016930588
2008-03-14,0.008418417960779911
2008-03-17,0.0041819616918045465
2008-03-18,-0.007304659009823558
2008-03-19,0.00363279978216335
2008-03-20,-0.0011876526679717033
2008-03-24,-0.013418888035799641
2008-03-25,0.005016100398315698
2008-03-26,0.0016428527156245073
2008-03-27,-0.0012785903676040037
2008-03-28,0.0014692891083203622
2008-03-31,0.0001632980202974886
2008-04-01,-0.011801069688929465
2008-04-02,-0.00021320116719604097
2008-04-03,0.00016231700309449302
2008-04-04,0.007801372595451406
2008-04-07,-0.004922261941355631
2008-04-08,-0.0008057559475396206
2008-04-09,0.007518400632211908
2008-04-10,-0.004132495807571489
2008-04-11,0.003358378076301117
2008-04-14,-0.0024896370801869004
2008-04-15,-0.0034696038571493597
2008-04-16,-0.004328106958526066
2008-04-17,-0.0028746490846261897
2008-04-18,-0.003006789409328236
2008-04-21,-0.00031249203339775894
2008-04-22,0.0007211510978476619
2008-04-23,-0.0020746633759002866
2008-04-24,-0.009295316259777007
2008-04-25,-0.0011655976339069885
2008-04-28,0.002100774435011322
2008-04-29,-0.0005270492708011713
2008-04-30,0.003808822844131122
2008-05-01,-0.0031764321943475887
2008-05-02,-0.006593985397642408
2008-05-05,0.0033194732278840518
2008-05-06,-0.0024432166901450763
2008-05-07,0.0026394154693559885
2008-05-08,0.007453320968961953
2008-05-09,0.001213489306380356
2008-05-12,-0.002013772468852725
2008-05-13,-0.009339100527824783
2008-05-14,-0.0005338994111713893
2008-05-15,0.007112002338604196
2008-05-16,0.0008840611731578362
2008-05-19,0.0023550123495687087
2008-05-20,0.004424779031911042
2008-05-21,-0.0009654251899359964
2008-05-22,-0.006955793454357205
2008-05-23,0.004251505347142393
2008-05-27,-0.006426226497551755
2008-05-28,-0.006996099454135139
2008-05-29,-0.007175782932803508
2008-05-30,0.0040803205641349325
2008-06-02,0.0047704388634282275
2008-06-03,0.00231509734790678
2008-06-04,-0.0027745732151100927
2008-06-05,-0.003925216015935576
2008-06-06,0.00894595959460821
2008-06-09,-0.0059430034661139795
2008-06-10,-0.006649690329806813
2008-06-11,0.002559635201094967
2008-06-12,-0.007687135158032452
2008-06-13,-0.0011567689692538656
2008-06-16,0.0014487744808428292
2008-06-17,0.0024982449323902806
2008-06-18,0.004952399218041936
2008-06-19,-0.003787590759120515
2008-06-20,0.003823753645285865
2008-06-23,-0.0024075759517499214
2008-06-24,0.004017835040527345
2008-06-25,-9.136732591084625e-05
2008-06-26,0.007445215222151419
2008-06-27,0.00435839971484629
2008-06-30,0.00023171791618428175
2008-07-01,-0.0008394507697876713
2008-07-02,0.002525481047073786
2008-07-03,-0.0009143559199085878
2008-07-07,0.0029329828221845264
2008-07-08,0.0016156498926560045
2008-07-09,0.0046375309978684606
2008-07-10,0.0025578292409082055
2008-07-11,-0.0059260637962627125
2008-07-14,0.005190953512120405
2008-07-15,0.003266980003244019
2008-07-16,-0.009317469561193822
2008-07-17,-0.0042928601529552595
2008-07-18,-0.002788233555850274
2008-07-21,0.0028295138217124677
2008-07-22,-0.004969845800019312
2008-07-23,-0.00397361214650011
2008-07-24,0.007931092438931874
2008-07-25,-0.004391443728720757
2008-07-28,0.00476743285686928
2008-07-29,-0.003599898294415839
2008-07-30,0.00043363079542295136
2008-07-31,0.007208837529840577
2008-08-01,-0.00018196055776473712
2008-08-04,-0.0021475943494469207
2008-08-05,-0.006544033278360099
2008-08-06,0.0008943975434580066
2008-08-07,0.007131613921229706
2008-08-08,-0.0023234885298657575
2008-08-11,-0.007911203239491186
2008-08-12,0.004915575592479349
2008-08-13,-0.0004184789205421912
2008-08-14,-0.00021077276571198906
2008-08-15,0.0009144442186455492
2008-08-18,0.003492242247983432
2008-08-19,0.0009259949084792226
2008-08-20,0.0019428076215527669
2008-08-21,0.001053760105296468
2008-08-22,-0.003878241925839911
2008-08-25,0.005271145895274523
2008-08-26,0.0006572952308017471
2008-08-27,0.0013533038488873553
2008-08-28,-0.00019473393216739226
2008-08-29,-0.0016241330305323536
2008-09-02,0.004233433343053034
2008-09-03,0.00223708628316211
2008-09-04,0.0046283593780297215
2008-09-05,-0.0018978298022235798
2008-09-08,5.1819029454971705e-05
2008-09-09,0.003393282212063267
2008-09-10,-0.0034532692698553387
2008-09-11,-0.002232413928057524
2008-09-12,-0.0037092497420165185
2008-09-15,0.019434253384084665
2008-09-16,-0.0030887225974435945
2008-09-17,0.01246181743770695
2008-09-18,-0.012404746273130214
2008-09-19,-0.015968875065040283
2008-09-22,-0.0008239939618970931
2008-09-23,-0.00032732050313048056
2008-09-24,0.0018844432636774735
2008-09-25,-0.0030309378025870906
2008-09-26,-0.000584477225608631
2008-09-29,0.014603020768631092
2008-09-30,-0.014440235014612966
2008-10-01,0.007161344728507241
2008-10-02,0.003996698162133836
2008-10-03,0.003760007945177452
2008-10-06,0.008506454443165943
2008-10-07,0.0004321472711510129
2008-10-08,-0.011537317326712615
2008-10-09,-0.009534447192451341
2008-10-10,-0.013813771644716555
2008-10-13,-0.0071132327741047505
2008-10-14,-0.004472545204819771
2008-10-15,0.008362947904418874
2008-10-16,-0.0013928366199644079
2008-10-17,0.005203145187544554
2008-10-20,0.0015397500538931541
2008-10-21,0.00915668916634152
2008-10-22,0.005489532537237434
2008-10-23,0.0007944836586363603
2008-10-24,-0.003362052287288261
2008-10-27,-0.0005600463292973637
2008-10-28,-0.007052401026544057
2008-10-29,0.0015069872504876963
2008-10-30,-0.007993590330766921
2008-10-31,-0.002609913829583422
2008-11-03,0.0006527714359588681
2008-11-04,0.006198944029156375
2008-11-05,0.002861011064187838
2008-11-06,-0.0007546718122896173
2008-11-07,-0.0018031005663502549
2008-11-10,0.0003938112135634024
2008-11-11,0.0018546688792161951
2008-11-12,0.0031918504818245126
2008-11-13,-0.00363135718961933
2008-11-14,0.0049409768948494494
2008-11-17,0.0023280541552418905
2008-11-18,0.0033306700492675063
2008-11-19,0.005276016943625053
2008-11-20,0.01038660454556233
2008-11-21,-0.0046997243098681005
2008-11-24,-0.004579585102300119
2008-11-25,0.008690015257672259
2008-11-26,0.0032574226741322516
2008-11-28,-0.0005180185657371412
2008-12-01,0.013529045502287593
2008-12-02,0.005239032557937871
2008-12-03,0.0015592074135965838
2008-12-04,0.0062463983432396765
2008-12-05,-0.010567984102410579
2008-12-08,-0.0037733094614458527
2008-12-09,0.008502927345321185
2008-12-10,-0.0009430480551683406
2008-12-11,0.006039657459056411
2008-12-12,0.002793441224543145
2008-12-15,0.002164932914114435
2008-12-16,0.015874810616351296
2008-12-17,0.0067962867472050915
2008-12-18,0.006748361338274365
2008-12-19,-0.0033104430808067707
2008-12-22,-0.0026186082423514077
2008-12-23,-0.0005097067736247429
2008-12-24,-0.001014316072223045
2008-12-26,0.005341279493034288
2008-12-29,0.0022001109118318964
2008-12-30,0.0014005948226958086
2008-12-31,-0.011045315856098494
2009-01-02,-0.013768788495955515
2009-01-05,-0.002683491398434102
2009-01-06,-0.0002087993150923622
2009-01-07,-0.0012071223368814396
2009-01-08,0.003576021645147281
2009-01-09,0.004073252312150299
2009-01-12,0.004048501288762134
2009-01-13,0.0007443627556043048
2009-01-14,0.004636189404801688
2009-01-15,-0.0003986745860605551
2009-01-16,-0.0073157876006653254
2009-01-20,-0.00036760481831841834
2009-01-21,-0.008683523686440875
2009-01-22,-0.006027944441430594
2009-01-23,0.0025261971040995974
2009-01-26,-0.0021381516632838554
2009-01-27,0.005910153082548923
2009-01-28,-0.006646258700993557
2009-01-29,-0.011187202484950996
2009-01-30,0.0006040190257614258
2009-02-02,0.00458965384602078
2009-02-03,-0.008174712381554625
2009-02-04,-0.003780315934977473
2009-02-05,0.003157641159882231
2009-02-06,-0.0060445627005692205
2009-02-09,-0.0032514272364675733
2009-02-10,0.014185370924499972
2009-02-11,0.009242966816831046
2009-02-12,0.0006652006410313059
2009-02-13,-0.007753194103431713
2009-02-17,0.018260490994155686
2009-02-18,-0.005028287213028013
2009-02-19,-0.006179421196655564
2009-02-20,0.00467426762024329
2009-02-23,0.0007736204106860499
2009-02-24,-0.006476140282734143
2009-02-25,-0.009827635577668867
2009-02-26,-0.002399287884950417
2009-02-27,-0.0012348445021075339
2009-03-02,0.007188502333376923
2009-03-03,-0.0021277957457545337
2009-03-04,-0.005752648711763918
2009-03-05,0.013916409015552345
2009-03-06,-0.003945769244894958
2009-03-09,-0.001488397190365464
2009-03-10,-0.009258819089302815
2009-03-11,0.007645844341967346
2009-03-12,0.004673039077152742
2009-03-13,-0.0004505311846900829
2009-03-16,-0.0056857051669239244
2009-03-17,-0.0025625719087719926
2009-03-18,0.03421814308698137
2009-03-19,-0.001708056843578186
2009-03-20,-0.0008112279566434114
2009-03-23,-0.004685519452425612
2009-03-24,-0.0025375918470801665
2009-03-25,-0.004288208425836259
2009-03-26,0.0022876993268960873
2009-03-27,-0.0019164325364780623
2009-03-30,0.0030549192616589954
2009-03-31,0.001914381635706442
2009-04-01,0.002883601272571843
2009-04-02,-0.007878364327114579
2009-04-03,-0.011636516914282902
2009-04-06,-0.004137656100655071
2009-04-07,0.0036338683270610494
2009-04-08,0.004465151053225284
2009-04-09,-0.005700109152175575
2009-04-13,0.006825159433437997
2009-04-14,0.004314812677241007
2009-04-15,0.0009747834629775551
2009-04-16,-0.005119175396902199
2009-04-17,-0.007979005074371366
2009-04-20,0.007960125905592584
2009-04-21,-0.0036453385664184735
2009-04-22,-0.0018209216026104087
2009-04-23,0.0010174442065260887
2009-04-24,-0.002839754428634536
2009-04-27,0.0032222812266604287
2009-04-28,-0.0055561043969075685
2009-04-29,-0.004510998807338851
2009-04-30,-0.0024822727882928444
2009-05-01,-0.003248954658738238
2009-05-04,0.002192314483781891
2009-05-05,-0.0004992525707162133
2009-05-06,0.0013698096718999684
2009-05-07,-0.007891483073823792
2009-05-08,0.0015069219535161899
2009-05-11,0.008554435962719409
2009-05-12,0.00014587937392541333
2009-05-13,0.004580472406670019
2009-05-14,5.0747911856959346e-05
2009-05-15,-0.0019145253068093557
2009-05-18,-0.0063595702318042825
2009-05-19,-0.0008684652732676788
2009-05-20,0.003854777209872795
2009-05-21,-0.009068207270059903
2009-05-22,-0.005262157055948391
2009-05-26,-0.006498472598719163
2009-05-27,-0.010790861710424093
2009-05-28,0.005433424551178028
2009-05-29,0.011908915976235024
2009-06-01,-0.0001608616955810172
2009-06-02,0.002231441475523485
2009-06-03,-0.0030023534376360248
2009-06-04,0.0007821979089085957
2009-06-05,-0.006585178126170029
2009-06-08,-0.0019699920776129693
2009-06-09,0.0024789674687724903
2009-06-10,-0.0026958447300679937
2009-06-11,0.0033658284507020212
2009-06-12,0.0007559649441630352
2009-06-15,-0.005213145860723729
2009-06-16,-0.00012418350454208456
2009-06-17,-0.0007535362435840291
2009-06-18,-0.0029316184332221795
2009-06-19,0.0026540012260811417
2009-06-22,-0.006791522659818315
2009-06-23,0.0020374021005092236
2009-06-24,0.0008463056317007987
2009-06-25,0.010113903031238462
2009-06-26,0.00012080702573468231
2009-06-29,0.002544322360413539
2009-06-30,-0.0038601913519464284
2009-07-01,0.0027176083469097685
2009-07-02,-0.01045516026777327
2009-07-06,0.0004867487352250749
2009-07-07,-0.005854510506883253
2009-07-08,0.001264102265597413
2009-07-09,-0.00016264971325731368
2009-07-10,0.0003769080110827069
2009-07-13,0.008519132541803219
2009-07-14,0.0007164658546388109
2009-07-15,0.008276463812826282
2009-07-16,0.00452161748114638
2009-07-17,-0.0020444460680397137
2009-07-20,0.006356327092937779
2009-07-21,0.004185688615612628
2009-07-22,-0.0013583905841080088
2009-07-23,0.005231699009532718
2009-07-24,0.0017438582499699473
2009-07-27,7.75819832866967e-05
2009-07-28,-0.0020087645855002318
2009-07-29,-0.002359472059232602
2009-07-30,0.005826034544236482
2009-07-31,0.0047318984948061735
2009-08-03,0.00844269511802013
2009-08-04,0.002372397115076179
2009-08-05,-0.0020424181830395382
2009-08-06,-0.003394325916132606
2009-08-07,0.006247262309603051
2009-08-10,-0.002130785200491459
2009-08-11,-0.0066341440103962635
2009-08-12,0.006903912930083045
2009-08-13,0.005614372389867222
2009-08-14,-0.0053257487528365205
2009-08-17,-0.014895628479784689
2009-08-18,0.006232708717572679
2009-08-19,0.004890865486412992
2009-08-20,0.006457768302827352
2009-08-21,0.011343038680850166
2009-08-24,-0.0010604868823050374
2009-08-25,0.0021145403620065903
2009-08-26,0.00034312419094750606
2009-08-27,0.0018285155846704021
2009-08-28,-5.883823259162928e-05
2009-08-31,-0.004877577627138626
2009-09-01,-0.014939996926771738
2009-09-02,0.0006345992264038603
2009-09-03,0.007224709968162383
2009-09-04,0.00909999647949516
2009-09-08,0.006119117656732804
2009-09-09,0.005044632977267125
2009-09-10,0.008226032362124075
2009-09-11,0.00036288827512371744
2009-09-14,0.003422625607628045
2009-09-15,0.0030912646583334475
2009-09-16,0.011734584053943556
2009-09-17,-0.0024146215717325416
2009-09-18,0.0009654551402382609
2009-09-21,-0.0026124314952633166
2009-09-22,0.0059312407695185825
2009-09-23,-0.007742861362457173
2009-09-24,-0.007842721719196432
2009-09-25,-0.004622834790977749
2009-09-28,0.012736521081764941
2009-09-29,-0.0011676377903743213
2009-09-30,-0.0007821229781257773
2009-10-01,-0.018035548228964356
2009-10-02,-0.002695822414887516
2009-10-05,0.011911446998027545
2009-10-06,0.011608996843689833
2009-10-07,0.003222878351609001
2009-10-08,0.005961562026231771
2009-10-09,0.001925706159016834
2009-10-12,0.0041606632176139175
2009-10-13,-0.0009256077312985426
2009-10-14,0.011306500436940039
2009-10-15,0.0012013505527308022
2009-10-16,-0.004714591224836192
2009-10-19,0.007782942761353384
2009-10-20,-0.004838174801875802
2009-10-21,-0.006087941472863237
2009-10-22,0.0072698394087325514
2009-10-23,-0.009595503910065382
2009-10-26,-0.010536632675956604
2009-10-27,-0.0011842749155064338
2009-10-28,-0.014276829280519583
2009-10-29,0.017138330790975192
2009-10-30,-0.018774670700535286
2009-11-02,0.0055527930923174726
2009-11-03,0.00380601289572832
2009-11-04,0.0011962535696421247
2009-11-05,0.013457117646786379
2009-11-06,0.0026769742112234592
2009-11-09,0.01650542865828004
2009-11-10,0.00037440347652679647
2009-11-11,0.005015018320241701
2009-11-12,-0.008312116020984653
2009-11-13,0.005537649283588108
2009-11-16,0.012704513460791458
2009-11-17,0.0013184849952860916
2009-11-18,-0.0003042375222174249
2009-11-19,-0.009193342434180154
2009-11-20,-0.0015737364889827094
2009-11-23,0.010568308213251453
2009-11-24,0.0007351235547023288
2009-11-25,0.0053388267980679196
2009-11-27,-0.012614201022466551
2009-11-30,0.003438021401213964
2009-12-01,0.009071867062598118
2009-12-02,0.0015107582675173968
2009-12-03,-0.0070384276062148
2009-12-04,-0.0015341963321670131
2009-12-07,-0.0018179363091995685
2009-12-08,-0.008417522493273984
2009-12-09,0.0022301134140806284
2009-12-10,0.0035555648261937005
2009-12-11,0.00040159619999835376
2009-12-14,0.005847133549355912
2009-12-15,-0.004446925195975771
2009-12-16,0.002055164792819733
2009-12-17,-0.010571798406483424
2009-12-18,0.0047044761989661074
2009-12-21,0.0038726291302920764
2009-12-22,0.0010365781240418003
2009-12-23,0.0020414858806786346
2009-12-24,0.004785408616394828
2009-12-28,0.0006181756767791595
2009-12-29,-0.0014134583708775308
2009-12-30,2.641309422478551e-06
2009-12-31,-0.007474349078546658
2010-01-04,0.01349230847070348
2010-01-05,0.0020528247816466415
2010-01-06,0.002332004042801047
2010-01-07,0.002220784874916245
2010-01-08,0.0025137134432759297
2010-01-11,0.002546967435383226
2010-01-12,-0.008659905764336886
2010-01-13,0.006932293893070504
2010-01-14,0.0021056774643118913
2010-01-15,-0.008594343866943924
2010-01-19,0.009344808986202642
2010-01-20,-0.009630099094743152
2010-01-21,-0.014686714629334468
2010-01-22,-0.015690611172866333
2010-01-25,0.0035655003664702943
2010-01-26,-0.0028646070402277984
2010-01-27,0.0025308890412176176
2010-01-28,-0.008305755381892958
2010-01-29,-0.007321627003033684
2010-02-01,0.01176742940731573
2010-02-02,0.010010852767638866
2010-02-03,-0.004598796990610192
2010-02-04,-0.024668133110567682
2010-02-05,0.0027486879727603103
2010-02-08,-0.006703052014715075
2010-02-09,0.009748235430110778
2010-02-10,-0.002029069684728883
2010-02-11,0.008621298582924389
2010-02-12,-0.0015474106570383876
2010-02-16,0.015399711468696887
2010-02-17,0.0019963239277459906
2010-02-18,0.004886458100355321
2010-02-19,0.0012175082607719116
2010-02-22,-0.001160533381261612
2010-02-23,-0.008571045356498568
2010-02-24,0.006551425754623492
2010-02-25,8.661931125946875e-05
2010-02-26,0.0022476553435434973
2010-03-01,0.007334615464970685
2010-03-02,0.0031926595853766127
2010-03-03,0.000753342757621235
2010-03-04,0.0022675940013463527
2010-03-05,0.008861011350287783
2010-03-08,-0.001369849347109241
2010-03-09,0.001593505410818631
2010-03-10,0.0017836502214040885
2010-03-11,0.003005042116074165
2010-03-12,-0.0004332466722884441
2010-03-15,0.0007083977777632491
2010-03-16,0.008108632694548657
2010-03-17,0.003592445852955207
2010-03-18,-6.195840728952934e-05
2010-03-19,-0.005700807380025673
2010-03-22,0.003760975148110236
2010-03-23,0.005207333990728048
2010-03-24,-0.007698667521490808
2010-03-25,-0.0014799111017381281
2010-03-26,0.0026826980247591685
2010-03-29,0.003960703849878023
2010-03-30,-0.0004097946918572113
2010-03-31,-0.0009050630689569335
2010-04-01,0.006209190050652707
2010-04-05,0.0051994495701752335
2010-04-06,0.0016005239081703193
2010-04-07,-0.0018753090314704017
2010-04-08,0.0024146232402559907
2010-04-09,0.005668347511902354
2010-04-12,0.0009650531625361491
2010-04-13,0.0004383240912259657
2010-04-14,0.00784670531875417
2010-04-15,0.0013006059975926344
2010-04-16,-0.012807879144750862
2010-04-19,0.002869249104997745
2010-04-20,0.0059473615265277875
2010-04-21,0.0003767090264280838
2010-04-22,0.0009645149362953174
2010-04-23,0.005910252325469738
2010-04-26,-0.0033002067583212395
2010-04-27,-0.013782102136237937
2010-04-28,0.0038819434405754577
2010-04-29,0.009252385374424792
2010-04-30,-0.010118470724812076
2010-05-03,0.008982587903111693
2010-05-04,-0.01607759013504696
2010-05-05,-0.0034012441135068718
2010-05-06,-0.017412406776164152
2010-05-07,-0.01144207764932039
2010-05-10,0.028685620912865594
2010-05-11,0.0006323721488143879
2010-05-12,0.009965074763895975
2010-05-13,-0.008602460059288173
2010-05-14,-0.012020846901861558
2010-05-17,-0.000370277476260149
2010-05-18,-0.008247898568067721
2010-05-19,-0.0057478331337593265
2010-05-20,-0.025950430390329376
2010-05-21,0.01009312658436993
2010-05-24,-0.0076193964220445855
2010-05-25,0.0013750684589239129
2010-05-26,-0.0032886964906671187
2010-05-27,0.02155045526028073
2010-05-28,-0.007579950235381115
2010-06-01,-0.010862597799187511
2010-06-02,0.01695125713389839
2010-06-03,0.0010618185055861554
2010-06-04,-0.020248657091568697
2010-06-07,-0.006694278832828102
2010-06-08,0.006763390277050597
2010-06-09,-0.0044607466478730025
2010-06-10,0.0174753583647268
2010-06-11,0.005463681842993075
2010-06-14,-0.001764648455606842
2010-06-15,0.016991212541568358
2010-06-16,-0.0003626536198040084
2010-06-17,0.0032388321568400783
2010-06-18,0.001279176994668764
2010-06-21,-0.00483136030688066
2010-06-22,-0.009076351374711623
2010-06-23,-0.001744262149542429
2010-06-24,-0.011642766520412896
2010-06-25,0.0035221992053331773
2010-06-28,-0.0012338606969910168
2010-06-29,-0.02067735210248376
2010-06-30,-0.006369080024279292
2010-07-01,-0.004854128808939109
2010-07-02,-0.0010336071641675482
2010-07-06,0.0011845363382786012
2010-07-07,0.006372276375299163
2010-07-08,0.0001467801627531212
2010-07-09,0.0009015334768685925
2010-07-12,0.00043737237114087346
2010-07-13,0.0011668914370725637
2010-07-14,0.003234186534965849
2010-07-15,0.003659741612764161
2010-07-16,-0.004193984980245704
2010-07-19,-0.0011508212942000248
2010-07-20,0.0041580790511926875
2010-07-21,0.0006004245527006643
2010-07-22,0.0024585216981634255
2010-07-23,-0.0009007725433536998
2010-07-26,0.001908894438613585
2010-07-27,-0.004293275667516042
2010-07-28,0.0015064353165624065
2010-07-29,0.0009064835550167698
2010-07-30,0.004958855750520624
2010-08-02,0.0062025794088364115
2010-08-03,0.0012292887577987086
2010-08-04,0.0004902775281953953
2010-08-05,0.0024239044085879397
2010-08-06,0.002976428242350054
2010-08-09,0.0015413956377339083
2010-08-10,0.0009237715566433527
2010-08-11,-0.0070473408694319345
2010-08-12,-0.002292358393458974
2010-08-13,0.0009453685357460643
2010-08-16,0.004794756362353807
2010-08-17,0.0016571058293271307
2010-08-18,0.0003368820723132726
2010-08-19,-0.003447553290072652
2010-08-20,-0.003418052557237825
2010-08-23,-0.0008393882471422469
2010-08-24,-0.0003700127034767053
2010-08-25,-0.0006258233477526992
2010-08-26,-0.0004765211585155479
2010-08-27,-0.00034666823731784377
2010-08-30,-0.001005647199847801
2010-08-31,0.0034435909475232966
2010-09-01,-0.0025097072919178292
2010-09-02,-0.0017118540631213491
2010-09-03,-0.003291889383915444
2010-09-07,0.005550202580611554
2010-09-08,-0.0013756686783038398
2010-09-09,-0.00654358777857671
2010-09-10,-0.0015550519358291516
2010-09-13,0.004968360248626647
2010-09-14,0.005832515770235758
2010-09-15,-0.002379737975053004
2010-09-16,-0.002206217480543784
2010-09-17,0.0017954401516065025
2010-09-20,0.004452823706502788
2010-09-21,0.007917346262430496
2010-09-22,0.0007896551049525478
2010-09-23,0.00021357192449527522
2010-09-24,-0.001108867445337377
2010-09-27,0.005415823362091845
2010-09-28,0.004083984135957946
2010-09-29,-0.0021080405443139848
2010-09-30,-0.0013434350380775253
2010-10-01,0.0026259768709886566
2010-10-04,-0.0011930506525693481
2010-10-05,0.009375639146241732
2010-10-06,0.00411289580696781
2010-10-07,-0.0011204934760318964
2010-10-08,0.003349112720078019
2010-10-11,0.0010762162471762106
2010-10-12,-0.0005102265068917689
2010-10-13,0.004126164039739834
2010-10-14,-0.003912850514526233
2010-10-15,-0.002474346161016793
2010-10-18,0.005603430562856961
2010-10-19,-0.006784966674247122
2010-10-20,0.004332169885993105
2010-10-21,-0.00381161411215039
2010-10-22,0.0011979462261038863
2010-10-25,0.0014486206452311034
2010-10-26,-0.003644674256116952
2010-10-27,-0.005126526484953252
2010-10-28,0.004954438228186598
2010-10-29,0.0033569346138626736
2010-11-01,-0.00020086999082687829
2010-11-02,0.006531962022280492
2010-11-03,0.002655141952434804
2010-11-04,0.018622498350227078
2010-11-05,0.002202421247652721
2010-11-08,-0.00030626565746156697
2010-11-09,-0.00869119047776362
2010-11-10,0.005169696447608731
2010-11-11,-0.0028925517302498685
2010-11-12,-0.012772215194198076
2010-11-15,-0.004330586004457025
2010-11-16,-0.010759846044692243
2010-11-17,-0.0007651700067560316
2010-11-18,0.011592595648393779
2010-11-19,0.0023100220768862323
2010-11-22,0.0009684170649798553
2010-11-23,-0.008869147258608465
2010-11-24,0.008166073510819083
2010-11-26,-0.004991372530644909
2010-11-29,-4.150499064102666e-05
2010-11-30,-0.002432496609666844
2010-12-01,0.012571759209643017
2010-12-02,0.008349637036461221
2010-12-03,0.003998035935118995
2010-12-06,0.0011169949861404198
2010-12-07,-0.004823356721235282
2010-12-08,-0.00018902281617431006
2010-12-09,0.003597886359408355
2010-12-10,0.0025383482909766904
2010-12-13,0.0012563326839644688
2010-12-14,-0.0013695058853338757
2010-12-15,-0.005478677663130614
2010-12-16,0.0048781846365270175
2010-12-17,0.0026000597789145887
2010-12-20,0.0024530903357793746
2010-12-21,0.004902578468749388
2010-12-22,0.0017115378669455019
2010-12-23,-0.002093963180460688
2010-12-27,0.0014669627490143348
2010-12-28,7.263112364296444e-05
2010-12-29,0.003433907585822062
2010-12-30,-0.0019371606370199843
2010-12-31,0.0021022889248429226
2011-01-03,0.0071407908332892615
2011-01-04,-0.00302885043357995
2011-01-05,0.0022343541360520126
2011-01-06,-0.00110609702356081
2011-01-07,-0.0008360705239399422
2011-01-10,-0.00020051224917566138
2011-01-11,0.002802678148395592
2011-01-12,0.0064760480803111855
2011-01-13,-0.0015665700458722242
2011-01-14,0.0038996419600923413
2011-01-18,0.0012886323187948068
2011-01-19,-0.006494730747650873
2011-01-20,-0.0035695763273935932
2011-01-21,0.0018851986684708711
2011-01-24,0.0035816425633599823
2011-01-25,0.0005291895030534999
2011-01-26,0.003164337006336342
2011-01-27,-0.00046087139374164266
2011-01-28,-0.010205087344790982
2011-01-31,0.004651116944712146
2011-02-01,0.011937269585898727
2011-02-02,-0.0022873449668246956
2011-02-03,0.002516518574886366
2011-02-04,0.0010238741112449754
2011-02-07,0.004325014652192754
2011-02-08,0.0035693163239359942
2011-02-09,-0.001329602549901638
2011-02-10,7.18515482187643e-05
2011-02-11,0.0040105538105219265
2011-02-14,0.0023229542811913405
2011-02-15,-0.001163987767560355
2011-02-16,0.004457903734720885
2011-02-17,0.0032816341559847298
2011-02-18,0.001582271401737527
2011-02-22,-0.012747032398262642
2011-02-23,-0.0035814485196028318
2011-02-24,-0.0010200910361859836
2011-02-25,0.00855095636050725
2011-02-28,0.004067795583150373
2011-03-01,-0.009221075174274566
2011-03-02,0.0008435440219229761
2011-03-03,0.010288077274274606
2011-03-04,-0.0037426389490724157
2011-03-07,-0.0057474631889423925
2011-03-08,0.005960243262735699
2011-03-09,-0.0004237311278737517
2011-03-10,-0.013824638697431266
2011-03-11,0.00537272229188531
2011-03-14,-0.0036016792656848994
2011-03-15,-0.009432416411432247
2011-03-16,-0.013081274430282435
2011-03-17,0.009728340099369428
2011-03-18,0.003991984144897626
2011-03-21,0.010710212289676023
2011-03-22,-0.002490825843935305
2011-03-23,0.0029172438671957197
2011-03-24,0.005366826960897621
2011-03-25,0.0020640894891612157
2011-03-28,-0.002393319538711223
2011-03-29,0.0046285135116779655
2011-03-30,0.005345300901019791
2011-03-31,-0.0006269370907210414
2011-04-01,0.0030794387194249574
2011-04-04,0.0008627037988728466
2011-04-05,0.0012921505989528191
2011-04-06,0.0019054981098723047
2011-04-07,-0.0009096662797750533
2011-04-08,-0.0021304382112188732
2011-04-11,-0.0026113029822697927
2011-04-12,-0.005937564230638567
2011-04-13,0.0005370823617638105
2011-04-14,0.001265921289509008
2011-04-15,0.0038850215162157618
2011-04-18,-0.007053462672634473
2011-04-19,0.004073600186591966
2011-04-20,0.009733928779275267
2011-04-21,0.003903411648680029
2011-04-25,-0.0009103836182580193
2011-04-26,0.006092567138827575
2011-04-27,0.006322413557925617
2011-04-28,0.0030852717531571813
2011-04-29,0.0033799558125155774
2011-05-02,-0.0025354326152927007
2011-05-03,-0.0025405219990676338
2011-05-04,-0.0058839222910233736
2011-05-05,-0.008867697951294136
2011-05-06,0.004064294100799206
2011-05-09,0.004717232006250547
2011-05-10,0.005691072991498419
2011-05-11,-0.008076955246352498
2011-05-12,0.0033890806595182127
2011-05-13,-0.006044006806802713
2011-05-16,-0.004319659928851695
2011-05-17,-0.0003210639704994633
2011-05-18,0.006470341856805004
2011-05-19,0.0017448565347565875
2011-05-20,-0.003990013140863989
2011-05-23,-0.008019361715800182
2011-05-24,1.0617792265316183e-05
2011-05-25,0.0022776350630759057
2011-05-26,0.003059444093326893
2011-05-27,0.003984489041155368
2011-05-31,0.007484348225868658
2011-06-01,-0.014612633461933663
2011-06-02,-0.0018886227860205591
2011-06-03,-0.005774682767602649
2011-06-06,-0.007429974824479749
2011-06-07,-0.0004187475537426934
2011-06-08,-0.0028991362453371456
2011-06-09,0.005118209933582843
2011-06-10,-0.010213072957610057
2011-06-13,-0.0005914858983752847
2011-06-14,0.008431461398723526
2011-06-15,-0.010444749709375669
2011-06-16,0.0016142263090147728
2011-06-17,0.00268854956129753
2011-06-20,0.0036362512381139817
2011-06-21,0.009764595862623607
2011-06-22,-0.004386507122514238
2011-06-23,-0.0030379368894353225
2011-06-24,-0.009068056815200363
2011-06-27,0.005548526123552818
2011-06-28,0.008335943178056616
2011-06-29,0.005746941187146321
2011-06-30,0.005823119016902072
2011-07-01,0.009173242500049788
2011-07-05,0.0015756889751455106
2011-07-06,0.002028417267820886
2011-07-07,0.007105123059847211
2011-07-08,-0.0030699357973651255
2011-07-11,-0.011019332636639996
2011-07-12,-0.002156965707500153
2011-07-13,0.003320465653949882
2011-07-14,-0.005006072113052557
2011-07-15,0.004727521722733856
2011-07-18,-0.004847998959419903
2011-07-19,0.010571314670446988
2011-07-20,-4.078643394085155e-06
2011-07-21,0.008225034072262986
2011-07-22,0.0018813167510136
2011-07-25,-0.0034812812250359874
2011-07-26,-0.0021772547254278298
2011-07-27,-0.014718587354871597
2011-07-28,-0.001921395199716309
2011-07-29,-0.002687936935622898
2011-08-01,-0.0016231823365896929
2011-08-02,-0.009586265885249324
2011-08-03,0.003369312975739626
2011-08-04,-0.024208397292920396
2011-08-05,-0.0033084112069051664
2011-08-08,-0.030427939494241742
2011-08-09,0.030398903813864342
2011-08-10,-0.017796920038194046
2011-08-11,0.020262262051542548
2011-08-12,0.004824716311800675
2011-08-15,0.01265168587308333
2011-08-16,-0.0028892297542798882
2011-08-17,0.003219513432290759
2011-08-18,-0.022429815082100384
2011-08-19,-0.007169737785323829
2011-08-22,0.0021501168340368913
2011-08-23,0.014975142917435047
2011-08-24,0.0009472393322474061
2011-08-25,-0.00670875521132571
2011-08-26,0.012886035612438361
2011-08-29,0.01246976109934208
2011-08-30,0.006688844480069393
2011-08-31,0.0010317240926490019
2011-09-01,0.0026418665990261456
2011-09-02,0.0032395678377619384
2011-09-06,-0.001027136356146406
2011-09-07,-1.0649673571287883e-05
2011-09-08,0.0034615862052532922
2011-09-09,-0.0035931833194427
2011-09-12,-0.0026236096307794806
2011-09-13,0.0012939870007113692
2011-09-14,0.0027784462605706193
2011-09-15,-0.002510171179817452
2011-09-16,0.0035510303991725624
2011-09-19,0.0016138264234701345
2011-09-20,0.0019303678153310402
2011-09-21,-0.0052427156951373515
2011-09-22,-0.003860892789604217
2011-09-23,-0.009540246943874064
2011-09-26,0.0012715001031781065
2011-09-27,-1.3540886711419604e-05
2011-09-28,-0.00739272455076307
2011-09-29,0.002847032299658648
2011-09-30,-0.0013872206993803741
2011-10-03,0.010162806436311591
2011-10-04,-0.006660468077791547
2011-10-05,-0.0026123854845020206
2011-10-06,-0.005626321122708276
2011-10-07,-0.005489518066667874
2011-10-10,-0.0069067944610246654
2011-10-11,0.002262820436512337
2011-10-12,-0.0023529476871427795
2011-10-13,0.003006286476973919
2011-10-14,-0.0037889499359373335
2011-10-17,0.005407326648288847
2011-10-18,-0.0014462367552677926
2011-10-19,0.0001757440777567904
2011-10-20,-0.003152764427622211
2011-10-21,-0.0005580707413322939
2011-10-24,0.0004965051932258945
2011-10-25,0.010547949109286282
2011-10-26,-0.005519371406136562
2011-10-27,-0.00958073812464065
2011-10-28,0.005442885054269498
2011-10-31,0.010721388644036767
2011-11-01,0.0061549969136748695
2011-11-02,0.0010153865661024766
2011-11-03,0.00010315063771895684
2011-11-04,0.0010950476846296713
2011-11-07,0.004058948573723491
2011-11-08,-0.002925983317757382
2011-11-09,0.0018284265677944137
2011-11-10,-0.0033401936504215504
2011-11-11,0.0003071838764811662
2011-11-14,0.003368245770856071
2011-11-15,-0.0003803792316223304
2011-11-16,-0.000121331214733871
2011-11-17,-0.0029613210844809325
2011-11-18,-0.002647128041324457
2011-11-21,-0.0024570897413302476
2011-11-22,0.003022312589231621
2011-11-23,-0.00018348406368565097
2011-11-25,-0.006148693277412822
2011-11-28,0.005473458092330741
2011-11-29,-0.0010505457286082605
2011-11-30,0.0024411805281932455
2011-12-01,-0.0005600617918354302
2011-12-02,0.004099675739546272
2011-12-05,-0.001997068498399556
2011-12-06,-0.0018265089179538715
2011-12-07,0.004795115590593325
2011-12-08,0.002550144157955836
2011-12-09,-0.005936189517734922
2011-12-12,0.0004573793588567251
2011-12-13,0.0019451859727822717
2011-12-14,0.0002595998470798508
2011-12-15,-0.0011410424148441721
2011-12-16,0.00625805117154944
2011-12-19,0.002825399592177592
2011-12-20,-0.006783152120493428
2011-12-21,-0.002800381293223018
2011-12-22,0.00039748881345002054
2011-12-23,-0.003519390656818909
2011-12-27,-0.00039224670969517563
2011-12-28,0.0031782198852144733
2011-12-29,0.0006511352577947336
2011-12-30,0.004257995147846917
2012-01-03,-0.0024877236022101874
2012-01-04,-0.002424202283797802
2012-01-05,0.0007589441893494428
2012-01-06,0.002884417832053129
2012-01-09,0.00029864489998846454
2012-01-10,-9.012681959780303e-05
2012-01-11,0.005145919737100255
2012-01-12,-0.0013054480366930584
2012-01-13,0.002878351952674688
2012-01-17,0.0015014801158680525
2012-01-18,-0.0009541836390078563
2012-01-19,-0.004461916863525241
2012-01-20,-0.002621610293231398
2012-01-23,-0.0015664899521196857
2012-01-24,0.0005988167522391811
2012-01-25,0.006031082689862318
2012-01-26,0.003917299016370218
2012-01-27,0.0026840491779839943
2012-01-30,0.002347662120542706
2012-01-31,0.003353376522899846
2012-02-01,0.0028915363949902875
2012-02-02,0.0020383043294869333
2012-02-03,0.00144541781007939
2012-02-06,0.0007266478823259679
2012-02-07,-0.00033582661484975705
2012-02-08,0.000672919084016056
2012-02-09,-0.0005866917481557828
2012-02-10,-0.0012868024445281772
2012-02-13,0.003204940546767555
2012-02-14,0.0003068893519484671
2012-02-15,-0.001435550678471248
2012-02-16,0.0031741561290300306
2012-02-17,0.00026319739413098453
2012-02-21,0.0009658877196180057
2012-02-22,0.0012795960118729276
2012-02-23,0.002746200211408868
2012-02-24,0.0007106564334194629
2012-02-27,0.00180567876913976
2012-02-28,0.002886653967797582
2012-02-29,-0.009162856611882281
2012-03-01,0.004985167770485717
2012-03-02,-0.001631526498269266
2012-03-05,-0.0034808292153987114
2012-03-06,-0.011640857270958394
2012-03-07,0.005257147087000709
2012-03-08,0.0073533776598444164
2012-03-09,0.0030015259458754198
2012-03-12,-0.0005520408936440144
2012-03-13,0.010410042032500563
2012-03-14,-0.004531245493531197
2012-03-15,0.005015970527439339
2012-03-16,0.0008587885663545661
2012-03-19,0.0017721324685340452
2012-03-20,-0.0027998823462140033
2012-03-21,-0.00025403257713668296
2012-03-22,-0.005207909495111731
2012-03-23,0.003983225045576699
2012-03-26,0.011200864611039968
2012-03-27,-0.0014276283701667165
2012-03-28,-0.00460336113713378
2012-03-29,-0.0004266057817194134
2012-03-30,0.002103629193892542
2012-04-02,0.006323237891001504
2012-04-03,-0.004970811402128822
2012-04-04,-0.007638364974033031
2012-04-05,0.0008967070750038853
2012-04-09,-0.006456548819401793
2012-04-10,-0.01148558457039379
2012-04-11,0.005034878703159655
2012-04-12,0.010504490452272822
2012-04-13,-0.008914280659703656
2012-04-16,-0.0005407974153480429
2012-04-17,0.011374299446157036
2012-04-18,-0.0029967030753514025
2012-04-19,-0.0041839521668243455
2012-04-20,0.0009363766215856978
2012-04-23,-0.00609962856329538
2012-04-24,0.002403821682800013
2012-04-25,0.010223612228962948
2012-04-26,0.006052215070030884
2012-04-27,0.0020992196347630852
2012-04-30,-0.0025929831183438244
2012-05-01,0.0038606259079828203
2012-05-02,-0.0016070156397829422
2012-05-03,-0.006090239134258008
2012-05-04,-0.011462808846488304
2012-05-07,0.00014171360643793916
2012-05-08,-0.0033714954507747747
2012-05-09,-0.005083342012478996
2012-05-10,0.0019468193368030661
2012-05-11,-0.0021161433099301705
2012-05-14,-0.008045084163830492
2012-05-15,-0.004564380395391224
2012-05-16,-0.0030280861190482345
2012-05-17,-0.009970254585109443
2012-05-18,-0.005411966799450614
2012-05-21,0.011803334294796644
2012-05-22,-0.0005953696030226443
2012-05-23,0.001753034200405371
2012-05-24,0.0007007437368497216
2012-05-25,-0.0008021165864704361
2012-05-29,0.008085157363280948
2012-05-30,-0.008659000912165447
2012-05-31,-0.0009537053564074748
2012-06-01,-0.01796131269007752
2012-06-04,-0.0010500219180168368
2012-06-05,0.003940859901301179
2012-06-06,0.017352323120283723
2012-06-07,0.00043192867618578227
2012-06-08,0.006653555223837442
2012-06-11,-0.009519635978298363
2012-06-12,0.00825549771158434
2012-06-13,-0.004265123783589625
2012-06-14,0.008128171298977365
2012-06-15,0.00919564675563083
2012-06-18,0.001114038533482158
2012-06-19,0.00718463254207467
2012-06-20,-0.0017242255202424238
2012-06-21,-0.017262098644754625
2012-06-22,0.004865641885376663
2012-06-25,-0.011573797257060798
2012-06-26,0.003373422883365378
2012-06-27,0.0076542019067303
2012-06-28,-0.0010021686401955505
2012-06-29,0.019046058330594876
2012-07-02,0.002942789623084856
2012-07-03,0.004667583986517259
2012-07-05,-0.0032049922211071008
2012-07-06,-0.006569403327713958
2012-07-09,-0.0007491440306225348
2012-07-10,-0.0064030277646077655
2012-07-11,-9.959574497399697e-05
2012-07-12,-0.0035332047983278334
2012-07-13,0.013054029391636558
2012-07-16,-0.0014157872436936622
2012-07-17,0.005413472201324159
2012-07-18,0.005664977288000177
2012-07-19,0.0019625525919810417
2012-07-20,-0.007245615870030758
2012-07-23,-0.006783498356417733
2012-07-24,-0.006847708038106698
2012-07-25,-0.0001301358513831906
2012-07-26,0.012636982600494331
2012-07-27,0.013865533265545429
2012-07-30,0.0002829351764479339
2012-07-31,-0.0031004231591765744
2012-08-01,-0.003031501587546077
2012-08-02,-0.0053554847997270005
2012-08-03,0.014281895794577018
2012-08-06,0.0020097222202217144
2012-08-07,0.003046854679533522
2012-08-08,0.0004686256940566169
2012-08-09,0.0005286978931057496
2012-08-10,0.0023471332927887546
2012-08-13,-0.0009788409856957125
2012-08-14,-0.000948410124201433
2012-08-15,0.00019064176565930947
2012-08-16,0.005252483351956676
2012-08-17,0.001741665321289325
2012-08-20,0.00010690333441883314
2012-08-21,-0.0026136244046958534
2012-08-22,0.0017820436999607383
2012-08-23,-0.0060952021213802774
2012-08-24,0.005184358797454429
2012-08-27,0.00013298135198705393
2012-08-28,-0.0005242335020863641
2012-08-29,0.0007355644291273489
2012-08-30,-0.0057694982938541976
2012-08-31,0.005359299900476105
2012-09-04,-0.0011922666896281347
2012-09-05,-0.0007411414293292888
2012-09-06,0.013954121201908998
2012-09-07,0.004704170627144206
2012-09-10,-0.004829753431226533
2012-09-11,0.0021784105614822344
2012-09-12,0.0007506654362259894
2012-09-13,0.013980689013837335
2012-09-14,0.001219872337022249
2012-09-17,-0.0023904224797731593
2012-09-18,9.595318687786048e-05
2012-09-19,0.0013542033903792851
2012-09-20,-0.00028312311576514685
2012-09-21,0.0005618563845707827
2012-09-24,-0.0015472758284078543
2012-09-25,-0.006987887990832746
2012-09-26,-0.003601843215598041
2012-09-27,0.007696074211851288
2012-09-28,-0.0034579383909844395
2012-10-01,0.002489369302266854
2012-10-02,0.00041639473561571184
2012-10-03,0.003074618894096405
2012-10-04,0.004928727427267033
2012-10-05,-0.0014653287552337953
2012-10-08,-0.002102387188620268
2012-10-09,-0.007929071924188267
2012-10-10,-0.003887359178048009
2012-10-11,0.0007183537257820962
2012-10-12,-0.002783576858086399
2012-10-15,0.004702940686581426
2012-10-16,0.006881237767818538
2012-10-17,0.001771672770195666
2012-10-18,-0.002472982007974421
2012-10-19,-0.01182697038698004
2012-10-22,1.5780504673580556e-05
2012-10-23,-0.010441202090260646
2012-10-24,-0.002930227010164242
2012-10-25,0.0020838103071828215
2012-10-26,0.0007067875599061094
2012-10-31,0.0015603268269574048
2012-11-01,0.007107382617072109
2012-11-02,-0.008289866952358506
2012-11-05,0.0024392294981093405
2012-11-06,0.006304345727360594
2012-11-07,-0.014588284361468914
2012-11-08,-0.007108005393671772
2012-11-09,0.001180829776587394
2012-11-12,3.7694999523733375e-05
2012-11-13,-0.002567839617249519
2012-11-14,-0.009592448452485237
2012-11-15,-0.0017109130772539633
2012-11-16,0.0035595623709001782
2012-11-19,0.014875950811833823
2012-11-20,-0.0005305443822057482
2012-11-21,0.0014619694472626414
2012-11-23,0.010347206182344866
2012-11-26,-0.0011923619019805077
2012-11-27,-0.0035726385655622315
2012-11-28,0.005035067828866268
2012-11-29,0.0036916156674057007
2012-11-30,-0.00048679378657247405
2012-12-03,-0.003434365994734946
2012-12-04,-0.0017202217061799345
2012-12-05,0.0013740601310714415
2012-12-06,0.0028565320020500677
2012-12-07,0.0019135370024733456
2012-12-10,0.0007753846447303963
2012-12-11,0.004231832781439837
2012-12-12,-0.00030885791564756824
2012-12-13,-0.005442060542622136
2012-12-14,-0.002613917274830055
2012-12-17,0.0076182479028552704
2012-12-18,0.006267063216406208
2012-12-19,-0.005337143983968028
2012-12-20,0.003205377225581135
2012-12-21,-0.00582097363795611
2012-12-24,-0.0017146271282138985
2012-12-26,-0.00293286411629041
2012-12-27,-0.00013546040914838564
2012-12-28,-0.00770507798984748
2012-12-31,0.011854547141987689
2013-01-02,0.018483518884165103
2013-01-03,-0.0031941504012249636
2013-01-04,0.0033367886716911157
2013-01-07,-0.002628868967981213
2013-01-08,-0.001253655887876152
2013-01-09,0.0020244635583952877
2013-01-10,0.0057039686441203155
2013-01-11,0.00019908873772012098
2013-01-14,-0.0005520280154399243
2013-01-15,0.0016556030766771217
2013-01-16,0.0004850181088268325
2013-01-17,0.003673283689951749
2013-01-18,0.002860365842662685
2013-01-22,0.003654715190257233
2013-01-23,0.0010092225080738776
2013-01-24,-0.0009779733226797413
2013-01-25,0.0025610785942831384
2013-01-28,-0.0018316964930229459
2013-01-29,0.003819919137999047
2013-01-30,-0.002083669055648444
2013-01-31,-0.002096020862106481
2013-02-01,0.007660819442570532
2013-02-04,-0.008583586098008248
2013-02-05,0.0080376336281515
2013-02-06,0.0007715556513509072
2013-02-07,-0.001119617850456849
2013-02-08,0.004447722558400908
2013-02-11,-0.0006978387542191481
2013-02-12,0.001240082727972764
2013-02-13,0.00047810204060476163
2013-02-14,0.0008726835011555753
2013-02-15,-0.0011148749938580773
2013-02-19,0.005713879050549151
2013-02-20,-0.009925714241821154
2013-02-21,-0.004531582723409874
2013-02-22,0.007134650778084234
2013-02-25,-0.013712581830738086
2013-02-26,0.004986331836558084
2013-02-27,0.009981833902204439
2013-02-28,-0.0007197395021976722
2013-03-01,0.0019815762940685417
2013-03-04,0.003381113562803849
2013-03-05,0.007466651031193126
2013-03-06,0.000874249786322203
2013-03-07,0.00114287557359055
2013-03-08,0.0031178865176456115
2013-03-11,0.002710683314140431
2013-03-12,-0.0015115628624866814
2013-03-13,0.0011885003685500072
2013-03-14,0.004430431695691784
2013-03-15,-0.0009483522755631612
2013-03-18,-0.003910234738390805
2013-03-19,-0.0015538384235895184
2013-03-20,0.004858347319514154
2013-03-21,-0.006162173696616072
2013-03-22,0.005597232542860511
2013-03-25,-0.0026128066707374344
2013-03-26,0.006415973240472937
2013-03-27,-1.75611557635435e-05
2013-03-28,0.0029510036209474907
2013-04-01,-0.003093892882957837
2013-04-02,0.0035666437705391078
2013-04-03,-0.0077615902758510925
2013-04-04,0.0037053035592790728
2013-04-05,-0.002647202718794636
2013-04-08,0.004691778394887918
2013-04-09,0.0029541438656058815
2013-04-10,0.008765387577365256
2013-04-11,0.0030165549256560313
2013-04-12,-0.0022330478757833943
2013-04-15,-0.019161073264843096
2013-04-16,0.011011520067811757
2013-04-17,-0.010968428223965498
2013-04-18,-0.004988596226537572
2013-04-19,0.007049680448805612
2013-04-22,0.0040365025205995695
2013-04-23,0.007949004910596942
2013-04-24,0.0003446452677481676
2013-04-25,0.0034155900931499977
2013-04-26,-0.0010168013129939178
2013-04-29,0.005758090157032641
2013-04-30,0.001983773810615331
2013-05-01,-0.006755386257573298
2013-05-02,0.007588098744566523
2013-05-03,0.006808239244901487
2013-05-06,0.001269510366955
2013-05-07,0.003950369249381796
2013-05-08,0.0038988274567817883
2013-05-09,-0.00261852144291383
2013-05-10,0.0023335823510956468
2013-05-13,-0.0002456550102369403
2013-05-14,0.007482632626657741
2013-05-15,0.0048660685452111265
2013-05-16,-0.0030200645677284925
2013-05-17,0.00717493193840522
2013-05-20,-0.0007017395324745834
2013-05-21,0.0019209939247832252
2013-05-22,-0.008114777004042523
2013-05-23,-0.0020193018653275894
2013-05-24,-0.00035115713889266137
2013-05-28,0.0027331041261172964
2013-05-29,-0.004699143047218806
2013-05-30,0.003087703273736757
2013-05-31,-0.011994204249643408
2013-06-03,0.004829672450754663
2013-06-04,-0.004374665640437968
2013-06-05,-0.010829713982497978
2013-06-06,0.006858309635041204
2013-06-07,0.0103210368146741
2013-06-10,-0.00027314199500864126
2013-06-11,-0.008077182964448358
2013-06-12,-0.006552151783584958
2013-06-13,0.011987517956606073
2013-06-14,-0.004753192024011221
2013-06-17,0.006065108236546257
2013-06-18,0.006242297254081442
2013-06-19,-0.011076803356781838
2013-06-20,-0.01988504362435467
2013-06-21,0.0021800085350902718
2013-06-24,-0.009717892736201906
2013-06-25,0.0076753789470018876
2013-06-26,0.007835262809806719
2013-06-27,0.004982451476067562
2013-06-28,-0.0034275423740376507
2013-07-01,0.004461918160944356
2013-07-02,-0.00030475188113200397
2013-07-03,0.0007035909494352508
2013-07-05,0.00816334015992327
2013-07-08,0.004351301835340859
2013-07-09,0.005795424580264863
2013-07-10,0.00017824945567822528
2013-07-11,0.010925896692632851
2013-07-12,0.002466836545994921
2013-07-15,0.001100150193994642
2013-07-16,-0.002970552514231295
2013-07-17,0.0023065194809854914
2013-07-18,0.004157437699988186
2013-07-19,0.0013097835654826025
2013-07-22,0.0016403558023963978
2013-07-23,-0.0014836115020547048
2013-07-24,-0.0029966172968532213
2013-07-25,0.001970291794109624
2013-07-26,0.000664331779391125
2013-07-29,-0.0029018784650675644
2013-07-30,0.0002832154945114349
2013-07-31,5.2755924459468685e-05
2013-08-01,0.010067738857774178
2013-08-02,0.0013711276286156532
2013-08-05,-0.001107415332045425
2013-08-06,-0.004554751079965357
2013-08-07,-0.0028374246576612695
2013-08-08,0.003289757331535148
2013-08-09,-0.002663457838171268
2013-08-12,-0.0008977390794960962
2013-08-13,0.0023966696723042185
2013-08-14,-0.003985175351496061
2013-08-15,-0.011294475237073819
2013-08-16,-0.002604265699047248
2013-08-19,-0.004711083548346006
2013-08-20,0.00312984948891809
2013-08-21,-0.004584264375035862
2013-08-22,0.0068557573359209305
2013-08-23,0.003323490396340312
2013-08-26,-0.0032675165586562357
2013-08-27,-0.012703437940640628
2013-08-28,0.0023515364780684164
2013-08-29,0.0017261954563712152
2013-08-30,-0.002469143978345334
2013-09-03,0.003372740598064594
2013-09-04,0.006677749026537028
2013-09-05,0.0009896091118909763
2013-09-06,0.0001421056684169584
2013-09-09,0.007952088747444052
2013-09-10,0.0059250800346358655
2013-09-11,0.0025517980670546887
2013-09-12,-0.002477923091601431
2013-09-13,0.002219533358232184
2013-09-16,0.004513044333164206
2013-09-17,0.003383946220729739
2013-09-18,0.009795512534918338
2013-09-19,-0.0013537036329659081
2013-09-20,-0.005811779681265682
2013-09-23,-0.0037740947805750985
2013-09-24,-0.001997012607685844
2013-09-25,-0.002171088737413862
2013-09-26,0.002939363780744896
2013-09-27,-0.0032144127249129515
2013-09-30,-0.0047885778870292986
2013-10-01,0.006494996727252655
2013-10-02,-0.00037990794482126736
2013-10-03,-0.007184026418961974
2013-10-04,0.005670252398681674
2013-10-07,-0.006805705269862315
2013-10-08,-0.009623944406661466
2013-10-09,0.0004932833002225688
2013-10-10,0.01754573907045248
2013-10-11,0.004983804144774162
2013-10-14,0.0032626284915796885
2013-10-15,-0.00565227514349077
2013-10-16,0.011193984448008952
2013-10-17,0.005431310636531228
2013-10-18,0.005301481596843349
2013-10-21,8.051356033812443e-05
2013-10-22,0.004591241002504154
2013-10-23,-0.0037745125403443654
2013-10-24,0.00257321340436899
2013-10-25,0.0035571126822853683
2013-10-28,0.0010673709718748922
2013-10-29,0.004466320826072445
2013-10-30,-0.003838544441162772
2013-10-31,-0.003008677998841447
2013-11-01,0.002323282022873363
2013-11-04,0.0028605534979571183
2013-11-05,-0.0021571431713187984
2013-11-06,0.0038948005501437174
2013-11-07,-0.01041078894567301
2013-11-08,0.010750798324257415
2013-11-11,0.0006231784293913131
2013-11-12,-0.0018473405929317344
2013-11-13,0.006714930493050686
2013-11-14,0.003972625409942442
2013-11-15,0.003381986164614814
2013-11-18,-0.0029209729982731304
2013-11-19,-0.0014841225958962647
2013-11-20,-0.002872092330183962
2013-11-21,0.006596538503915295
2013-11-22,0.00403159438731343
2013-11-25,-0.0009946919112727827
2013-11-26,0.00020414654256134513
2013-11-27,0.0022184115290581835
2013-11-29,-0.0006872068568440583
2013-12-02,-0.0021004643239315056
2013-12-03,-0.002465813912690862
2013-12-04,-0.0008377265325505314
2013-12-05,-0.0034467085920721783
2013-12-06,0.009062173110704263
2013-12-09,0.0014825679829439606
2013-12-10,-0.0025812119029431477
2013-12-11,-0.008924636552608677
2013-12-12,-0.0028048284036373493
2013-12-13,-6.703003482572153e-05
2013-12-16,0.00502046334818974
2013-12-17,-0.0024724257447079957
2013-12-18,0.01338906619726786
2013-12-19,-0.00035665556122811427
2013-12-20,0.0038114254265053994
2013-12-23,0.004374094449562327
2013-12-24,0.002422026448604042
2013-12-26,0.0037944376137681087
2013-12-27,-7.659922941724036e-05
2013-12-30,-8.883598856520588e-05
2013-12-31,0.00313060108801132
2014-01-02,-0.00697481973282542
2014-01-03,-0.00020390426418458467
2014-01-06,-0.002041792710832791
2014-01-07,0.004916407766983133
2014-01-08,6.870020877821606e-05
2014-01-09,0.00022889594251999078
2014-01-10,0.0018898127990964238
2014-01-13,-0.009974773090667221
2014-01-14,0.008656750598487637
2014-01-15,0.004152690744912191
2014-01-16,-0.0010601894795670198
2014-01-17,-0.003147876187197951
2014-01-21,0.002279163419996399
2014-01-22,0.0005542800445339167
2014-01-23,-0.007103065475286595
2014-01-24,-0.01673914306686076
2014-01-27,-0.0038769987279009374
2014-01-28,0.004910501498077891
2014-01-29,-0.008039575519408471
2014-01-30,0.009058842151617395
2014-01-31,-0.005217577397509554
2014-02-03,-0.01772293701962911
2014-02-04,0.005874234789152973
2014-02-05,-0.0017684663839164594
2014-02-06,0.010175072883732825
2014-02-07,0.010927477670748727
2014-02-10,0.001298568510616068
2014-02-11,0.008448253864906193
2014-02-12,-3.7627215717731585e-05
2014-02-13,0.005203140970451244
2014-02-14,0.0038433007063366246
2014-02-18,0.001274158057315785
2014-02-19,-0.005355875658213974
2014-02-20,0.004860563529267622
2014-02-21,-0.0013242393978143674
2014-02-24,0.004880036896355563
2014-02-25,-0.0007191962023503951
2014-02-26,0.0004652893443215255
2014-02-27,0.004164318819332876
2014-02-28,0.0021583621460775936
2014-03-03,-0.0033217783936171533
2014-03-04,0.009344016882655246
2014-03-05,0.0003650280004189663
2014-03-06,0.0014742223934686499
2014-03-07,-0.0006955134281170924
2014-03-10,-0.00012932492307235577
2014-03-11,-0.003191585479758199
2014-03-12,0.0019131409204254238
2014-03-13,-0.0074768697601298026
2014-03-14,-0.0015902612937612182
2014-03-17,0.005783889964593563
2014-03-18,0.005121297930646541
2014-03-19,-0.007013977005180658
2014-03-20,0.0043316223014854835
2014-03-21,-0.0015673512242325668
2014-03-24,-0.004704739907875613
2014-03-25,0.0033443657290878693
2014-03-26,-0.005091635487559704
2014-03-27,-0.0015745217605957844
2014-03-28,0.0029437090551867467
2014-03-31,0.0053448454112826225
2014-04-01,0.005193199582150336
2014-04-02,0.0017708445017598968
2014-04-03,-0.0008056490159113958
2014-04-04,-0.008559148935724473
2014-04-07,-0.008113013505886701
2014-04-08,0.0035793053295678054
2014-04-09,0.008600763518214411
2014-04-10,-0.015565142435089531
2014-04-11,-0.0070229365263574685
2014-04-14,0.006300217742664916
2014-04-15,0.0051788525943782335
2014-04-16,0.007982422726327093
2014-04-17,5.8545245994456226e-05
2014-04-21,0.0028578044432903123
2014-04-22,0.003070678888395613
2014-04-23,-0.0012067329269017958
2014-04-24,0.0014197879991227748
2014-04-25,-0.005996754402258076
2014-04-28,0.0022632437768038225
2014-04-29,0.003884817475121166
2014-04-30,0.0027334978497615234
2014-05-01,0.0004021651230324717
2014-05-02,-0.00040494644797989276
2014-05-05,0.0016845689324500217
2014-05-06,-0.006706582734587315
2014-05-07,0.004308781387789055
2014-05-08,-0.0006490937791262643
2014-05-09,0.00112659989099673
2014-05-12,0.00714310597569859
2014-05-13,0.001200037286424164
2014-05-14,-0.0022208342833870813
2014-05-15,-0.00659534124113672
2014-05-16,0.002377445351459191
2014-05-19,0.002773497026370271
2014-05-20,-0.004349486505848454
2014-05-21,0.0059408144636610245
2014-05-22,0.0017778850031027486
2014-05-23,0.0036289976747045484
2014-05-27,0.003940136368898124
2014-05-28,0.00018627754677381637
2014-05-29,0.0038885938674893057
2014-05-30,0.0011225360124540594
2014-06-02,-0.0002622023427236897
2014-06-03,-0.0012705070021502961
2014-06-04,0.0014987932185347927
2014-06-05,0.005563299447652686
2014-06-06,0.0036621911997035063
2014-06-09,0.0004971171199261315
2014-06-10,-0.0005453372843109161
2014-06-11,-0.002469769516626314
2014-06-12,-0.004666495009269961
2014-06-13,0.0021292951686985124
2014-06-16,0.0006731500770673905
2014-06-17,0.0009144070156452509
2014-06-18,0.007237058416008084
2014-06-19,0.0006257717944151908
2014-06-20,0.0016200115188460362
2014-06-23,-0.00024194897568494234
2014-06-24,-0.0042630540060278835
2014-06-25,0.004129930333698111
2014-06-26,-0.0002858233077408022
2014-06-27,0.0015702131958634168
2014-06-30,-0.00011097990005987758
2014-07-01,0.004197882977725448
2014-07-02,-0.00029245723566762537
2014-07-03,0.003326518446179878
2014-07-07,-0.0024362998916691923
2014-07-08,-0.004015267962035917
2014-07-09,0.003890390139888362
2014-07-10,-0.002242660452662279
2014-07-11,0.0016017812549269691
2014-07-14,0.0015228303212106947
2014-07-15,-0.0022208848511310825
2014-07-16,0.003690073568874196
2014-07-17,-0.0063173149529936615
2014-07-18,0.006622215537638437
2014-07-21,-0.001513468772796764
2014-07-22,0.00361055106475091
2014-07-23,0.0012091491700706469
2014-07-24,-0.0011183948694896116
2014-07-25,-0.0019998975312333495
2014-07-28,-0.0001299384119521291
2014-07-29,-0.003219218397139009
2014-07-30,-0.0014401009807514516
2014-07-31,-0.015449137822299978
2014-08-01,-0.00038572993008047815
2014-08-04,0.005180126480116782
2014-08-05,-0.007004989351682652
2014-08-06,0.0013737128223375236
2014-08-07,-0.0027243709383677085
2014-08-08,0.00830558547148132
2014-08-11,0.001937932062885197
2014-08-12,-0.001435890207795344
2014-08-13,0.005870445917302371
2014-08-14,0.0036831175446718494
2014-08-15,0.00040472920665376327
2014-08-18,0.005395254334654585
2014-08-19,0.0034513066509868615
2014-08-20,0.0010235253439022894
2014-08-21,0.001882363788075287
2014-08-22,-0.001177857897943725
2014-08-25,0.003429576000694581
2014-08-26,0.0010681634524097006
2014-08-27,0.000724192328832143
2014-08-28,-0.0005086085941277698
2014-08-29,0.0024357932111673166
2014-09-02,-0.0028339017633689785
2014-09-03,0.0001231388402781574
2014-09-04,-0.002182461934581638
2014-09-05,0.004084889592499303
2014-09-08,-0.0030688790582602665
2014-09-09,-0.005174253569970763
2014-09-10,0.0019074309350321937
2014-09-11,0.00015813426718242531
2014-09-12,-0.005723865730520968
2014-09-15,-1.5019228563852211e-06
2014-09-16,0.005545042477952972
2014-09-17,-0.00026406057198072276
2014-09-18,0.003686764052580381
2014-09-19,2.7308122989991052e-05
2014-09-22,-0.00558816198657475
2014-09-23,-0.0033087755192939654
2014-09-24,0.004881704942886832
2014-09-25,-0.010696001874894522
2014-09-26,0.005812242767311998
2014-09-29,-0.0011864373990073576
2014-09-30,-0.0026463202642709525
2014-10-01,-0.008549207348877763
2014-10-02,-0.0005302009569467189
2014-10-03,0.008394448261622589
2014-10-06,-0.0006748792098195269
2014-10-07,-0.010629167246499961
2014-10-08,0.01481339352136459
2014-10-09,-0.01646508178665555
2014-10-10,-0.008119728572435325
2014-10-13,-0.011727445722986072
2014-10-14,0.0016468328814584435
2014-10-15,-0.005086370359967056
2014-10-16,-0.00037280432561233556
2014-10-17,0.00947564395240059
2014-10-20,0.007568261083237776
2014-10-21,0.014831480602409493
2014-10-22,-0.005782176878147599
2014-10-23,0.00869065009114288
2014-10-24,0.005677161634002723
2014-10-27,-0.0010047492745742586
2014-10-28,0.008861527375232258
2014-10-29,-0.0019066819388519117
2014-10-30,0.0049672449183734615
2014-10-31,0.008502294079927628
2014-11-03,-0.00016571439580290273
2014-11-04,-0.0022823607722585134
2014-11-05,0.004895402376080753
2014-11-06,0.002653259329350059
2014-11-07,0.0017140521912524511
2014-11-10,0.0017233728540140534
2014-11-11,0.0005740663634082922
2014-11-12,-0.0004094456437063031
2014-11-13,0.0008127572292810737
2014-11-14,0.0007050417524657338
2014-11-17,0.00040113973231979303
2014-11-18,0.00449252736427515
2014-11-19,-0.0016853751456887122
2014-11-20,0.001967975126930792
2014-11-21,0.004698739797076073
2014-11-24,0.002528227011265054
2014-11-25,-0.00034208975664508736
2014-11-26,0.002770389401936706
2014-11-28,-0.0012246010793031288
2014-12-01,-0.0059228340644316094
2014-12-02,0.004258665293478407
2014-12-03,0.003294940831721576
2014-12-04,-0.00021493816537187605
2014-12-05,0.00022011990067494647
2014-12-08,-0.005023955321507606
2014-12-09,-0.001137271597164364
2014-12-10,-0.010451610304659215
2014-12-11,0.0035042895704053656
2014-12-12,-0.011301768342525316
2014-12-15,-0.0057825470535557595
2014-12-16,-0.00578267079339378
2014-12-17,0.014940069412506942
2014-12-18,0.018208202760480876
2014-12-19,0.004393724515517255
2014-12-22,0.0031586044317246475
2014-12-23,-0.00022064941775427741
2014-12-24,6.0423601527741626e-05
2014-12-26,0.0029113681554382696
2014-12-29,0.0015077050491919142
2014-12-30,-0.0035922986847634233
2014-12-31,-0.00801986776265215
2015-01-02,0.0008556327013988609
2015-01-05,-0.01335459791210007
2015-01-06,-0.005769853315698786
2015-01-07,0.009515803015373407
2015-01-08,0.01350951480096623
2015-01-09,-0.005735387942070175
2015-01-12,-0.005771931504252786
2015-01-13,-0.0018007898626079385
2015-01-14,-0.003705771932033492
2015-01-15,-0.0056724126454702865
2015-01-16,0.009272056866075708
2015-01-20,0.0017211862876215722
2015-01-21,0.002928218316310276
2015-01-22,0.011723971096627777
2015-01-23,-0.0030846024464919524
2015-01-26,0.0016018958857300803
2015-01-27,-0.010436096922599407
2015-01-28,-0.009194845543786526
2015-01-29,0.006974572652383574
2015-01-30,-0.00863148083916198
2015-02-02,0.008716261952270283
2015-02-03,0.008171000706913739
2015-02-04,-0.002211076268313773
2015-02-05,0.007076282070413333
2015-02-06,-0.006272750617180516
2015-02-09,-0.0028781799868739673
2015-02-10,0.00696919064678352
2015-02-11,-0.0006326708534933422
2015-02-12,0.00747653489822297
2015-02-13,0.002741019031282857
2015-02-17,-0.0012475839028176778
2015-02-18,0.0009479524520644883
2015-02-19,-0.0013966515078483763
2015-02-20,0.004088684836579865
2015-02-23,0.0007880080729142764
2015-02-24,0.0032716638776683683
2015-02-25,-1.9847872429791524e-07
2015-02-26,-0.0019386805458225553
2015-02-27,-0.001403595586438238
2015-03-02,0.003454318929028437
2015-03-03,-0.004054523743739064
2015-03-04,-0.0031984564700905777
2015-03-05,0.0011020636022151021
2015-03-06,-0.01328735809736405
2015-03-09,0.004158856273562455
2015-03-10,-0.012671087966976354
2015-03-11,-0.0010566156994014262
2015-03-12,0.010471157218780452
2015-03-13,-0.005142676116863182
2015-03-16,0.011534352352557002
2015-03-17,-0.0022473212272367603
2015-03-18,0.012040857674938569
2015-03-19,-0.004832049508525177
2015-03-20,0.008025429086810325
2015-03-23,-0.0011405368389497638
2015-03-24,-0.0042383905369772715
2015-03-25,-0.012494942229027244
2015-03-26,-0.003010842004393828
2015-03-27,0.0028274864523594448
2015-03-30,0.009842450585210808
2015-03-31,-0.0064409376730980746
2015-04-01,-0.0021216335097836666
2015-04-02,0.002272374790490832
2015-04-06,0.005549496685740722
2015-04-07,-0.0014701530537682926
2015-04-08,0.002265125584414722
2015-04-09,0.002753902970379745
2015-04-10,0.004102132444755707
2015-04-13,-0.003187648276401384
2015-04-14,0.0018948821422615047
2015-04-15,0.004229395620705283
2015-04-16,-0.0004592640397252888
2015-04-17,-0.008645602616321451
2015-04-20,0.007039271302515498
2015-04-21,-0.0015977218005748428
2015-04-22,0.002934330719950822
2015-04-23,0.002573399560126992
2015-04-24,0.0025048894319450276
2015-04-27,-0.0036256708810305355
2015-04-28,0.0013642813615755635
2015-04-29,-0.0036822584937920184
2015-04-30,-0.008122069651108106
2015-05-01,0.007644050242104088
2015-05-04,0.0019361954953726545
2015-05-05,-0.009736370767472973
2015-05-06,-0.0042446201764447305
2015-05-07,0.004067879481005336
2015-05-08,0.011551981203047105
2015-05-11,-0.005882840219630831
2015-05-12,-0.0021670405550078885
2015-05-13,-0.0003352658563680676
2015-05-14,0.009394219891650683
2015-05-15,0.0021417440877338923
2015-05-18,0.001132744585567029
2015-05-19,-0.0012432392825040672
2015-05-20,-0.0002243610675580496
2015-05-21,0.003171194251557301
2015-05-22,-0.0022310479148653205
2015-05-26,-0.006970484101232728
2015-05-27,0.007348198230131424
2015-05-28,-0.0006902272537334841
2015-05-29,-0.004923915627653281
2015-06-01,0.0008445331609334516
2015-06-02,-0.00216190176089321
2015-06-03,0.00013630018062214398
2015-06-04,-0.005911191667001664
2015-06-05,-0.0025635822120013427
2015-06-08,-0.0047599562605739444
2015-06-09,-0.0002965855879754686
2015-06-10,0.008918027411930934
2015-06-11,0.0032004743362784626
2015-06-12,-0.005664887007645375
2015-06-15,-0.0032050274933818016
2015-06-16,0.005325208284510801
2015-06-17,0.0017139940521192097
2015-06-18,0.007869512353683298
2015-06-19,-0.003178600732634757
2015-06-22,0.0031896963426836502
2015-06-23,-3.7488712509898756e-05
2015-06-24,-0.005267754236316308
2015-06-25,-0.002843595798254057
2015-06-26,-0.0011290193275541103
2015-06-29,-0.014291806101060197
2015-06-30,0.0016227580015772778
2015-07-01,0.005221993679130662
2015-07-02,0.00010308620348440047
2015-07-06,-0.0023579004285864376
2015-07-07,0.005114114353655492
2015-07-08,-0.012691103206005973
2015-07-09,0.0011150240794910967
2015-07-10,0.009176082431708516
2015-07-13,0.008654564870908273
2015-07-14,0.0039059678359014663
2015-07-15,-0.0002176831370501097
2015-07-16,0.006390027553784113
2015-07-17,0.0009185954378668724
2015-07-20,0.0004124813869384091
2015-07-21,-0.003084756952370851
2015-07-22,-0.0017253892708406304
2015-07-23,-0.004082188837950043
2015-07-24,-0.008444940176724437
2015-07-27,-0.004309950440470093
2015-07-28,0.009629978866493747
2015-07-29,0.005831743714172584
2015-07-30,0.00019971328234164804
2015-07-31,-0.001227107822693888
2015-08-03,-0.001798928540697387
2015-08-04,-0.002481612888240626
2015-08-05,0.002278924907766473
2015-08-06,-0.005513330701331568
2015-08-07,-0.0017447199536550538
2015-08-10,0.009726410471934335
2015-08-11,-0.006634657442458717
2015-08-12,0.0008924364392280643
2015-08-13,-0.001249870682407658
2015-08-14,0.002978854003678121
2015-08-17,0.0045559874070951
2015-08-18,-0.002149423491666529
2015-08-19,-0.00572482902469286
2015-08-20,-0.01653117554831447
2015-08-21,-0.024822914448062672
2015-08-24,-0.03128744768375127
2015-08-25,-0.011540582701154403
2015-08-26,0.030483938274181784
2015-08-27,0.019431062079915722
2015-08-28,0.0006233136563362249
2015-08-31,-0.006848330264724237
2015-09-01,0.0026156270109982654
2015-09-02,-0.0016821676824253524
2015-09-03,0.001511691373638267
2015-09-04,0.0017091058949782452
2015-09-08,-0.0025676402480670785
2015-09-09,0.00021359683370384593
2015-09-10,-0.0014099063661917432
2015-09-11,0.0016226300990042797
2015-09-14,0.0005424009984386432
2015-09-15,-0.004689641806493831
2015-09-16,-0.00017032753303085997
2015-09-17,0.004846617323983114
2015-09-18,0.002729289745554196
2015-09-21,-0.00323368375252456
2015-09-22,0.002895959242280679
2015-09-23,-0.0007498168689932177
2015-09-24,0.0008675354880934646
2015-09-25,-0.0015294817335220867
2015-09-28,0.00341594369306138
2015-09-29,0.002003202090635683
2015-09-30,1.156186696190108e-05
2015-10-01,0.0006817525398313811
2015-10-02,0.00401424066990308
2015-10-05,-0.004658475642177511
2015-10-06,0.0016961669692084158
2015-10-07,-0.002090350642194835
2015-10-08,-0.002172078341276307
2015-10-09,0.00045958782432838487
2015-10-12,0.002786748031298969
2015-10-13,0.0007677099815872977
2015-10-14,0.00455131652929434
2015-10-15,-0.0028479349585509945
2015-10-16,-0.0006990918686696958
2015-10-19,-0.00039166345307933896
2015-10-20,-0.002897096911912423
2015-10-21,0.0028958085757236902
2015-10-22,0.0008437382320320238
2015-10-23,-0.004708969192927756
2015-10-26,0.002129464251392765
2015-10-27,0.0020823776621696393
2015-10-28,-0.004325697127655589
2015-10-29,-0.005123475342853771
2015-10-30,0.0016332483513300518
2015-11-02,0.0033095266745212285
2015-11-03,-0.00019830409726315356
2015-11-04,-0.0018190934056881946
2015-11-05,-0.0007043592542940247
2015-11-06,-0.0034899536212328283
2015-11-09,-0.00468250079756662
2015-11-10,0.0016329892759545926
2015-11-11,-0.0015096245698466193
2015-11-12,-0.005244001818665451
2015-11-13,-0.002605819579145625
2015-11-16,0.006711131321589173
2015-11-17,-0.0006186044783180923
2015-11-18,0.006257885366432095
2015-11-19,0.0006719337610702136
2015-11-20,0.0009001571339488134
2015-11-23,0.00020162039601989026
2015-11-24,0.0009459204954233512
2015-11-25,0.00026881798151778146
2015-11-27,0.0008608993864504798
2015-11-30,-0.0016516568895247172
2015-12-01,0.009302732611164483
2015-12-02,-0.00898876427469472
2015-12-03,-0.012854740152215475
2015-12-04,0.016917038378105525
2015-12-07,-0.005104330514278499
2015-12-08,-0.0050630679493406374
2015-12-09,-0.0059565887370235234
2015-12-10,0.0016134390665850345
2015-12-11,-0.014330978998878327
2015-12-14,0.0028715364027038846
2015-12-15,0.00814584524887912
2015-12-16,0.011345576214024737
2015-12-17,-0.011370929443954124
2015-12-18,-0.013746399105823648
2015-12-21,0.006362710053492648
2015-12-22,0.006760061502882064
2015-12-23,0.00969330620420783
2015-12-24,-0.0010200058806084144
2015-12-28,-0.0017296173970276095
2015-12-29,0.00795341860774638
2015-12-30,-0.005629647909450485
2015-12-31,-0.007392332267606664
2016-01-04,-0.007939850712546128
2016-01-05,0.00107174705358797
2016-01-06,-0.007012943750223733
2016-01-07,-0.012526299570159926
2016-01-08,-0.0057797592727457025
2016-01-11,0.00045155607039559277
2016-01-12,0.004262763074601408
2016-01-13,-0.013359122986858289
2016-01-14,0.008808648515666592
2016-01-15,-0.011499427606783267
2016-01-19,0.00038647214356052947
2016-01-20,-0.006160678055336632
2016-01-21,0.0028880083139283938
2016-01-22,0.010612396028815377
2016-01-25,-0.008237175469194584
2016-01-26,0.007440479732420525
2016-01-27,-0.005660240753816774
2016-01-28,0.0029939829828858253
2016-01-29,0.013317061654563181
2016-02-01,-0.002100304644284556
2016-02-02,0.006966337842601438
2016-02-03,-0.0009054143130045083
2016-02-04,0.0025339076418699927
2016-02-05,0.001514214444096248
2016-02-08,0.007564791161624655
2016-02-09,0.00013502368169012935
2016-02-10,0.003057878713229449
2016-02-11,0.005185463813167947
2016-02-12,-0.007605350341557106
2016-02-16,-0.0034457607117515496
2016-02-17,-0.0023110632310481267
2016-02-18,0.004959421989140837
2016-02-19,-0.0001059492017769576
2016-02-22,-0.0012810143702789841
2016-02-23,0.0022036540813149324
2016-02-24,4.953850240443753e-05
2016-02-25,0.002972070479501225
2016-02-26,-0.004907213909512559
2016-02-29,0.0018152136321343568
2016-03-01,-0.007773794996263437
2016-03-02,-0.0007937303543350749
2016-03-03,0.002791760899763641
2016-03-04,-0.0032048839303322908
2016-03-07,-0.0013228331024965553
2016-03-08,0.00473920932837002
2016-03-09,-0.004368160456325186
2016-03-10,-0.0016177661338268798
2016-03-11,-0.004291671122261996
2016-03-14,-0.0006318258712106996
2016-03-15,-9.491173003601708e-05
2016-03-16,0.006953438437426962
2016-03-17,0.000603492518583871
2016-03-18,0.0012863354810189194
2016-03-21,-0.00325876578322286
2016-03-22,-0.0016101130211568545
2016-03-23,0.0018672125673252164
2016-03-24,-0.0011514582127162155
2016-03-28,0.0015448561566855264
2016-03-29,0.007937520754242845
2016-03-30,-0.002629508844346461
2016-03-31,0.0037296029628617455
2016-04-01,0.0006772782853486305
2016-04-04,-0.0005828189100792143
2016-04-05,0.0015895294230716137
2016-04-06,0.0004748162726870516
2016-04-07,0.002077307553482794
2016-04-08,-0.0005248606085962034
2016-04-11,0.0005873677786250709
2016-04-12,-0.0003723372555575523
2016-04-13,0.0017898210582239327
2016-04-14,-0.0029068789420369973
2016-04-15,0.0024535434857989565
2016-04-18,0.0007099142089579042
2016-04-19,0.0011909276677525846
2016-04-20,-0.00370912880863163
2016-04-21,-0.0019256907788223001
2016-04-22,-0.002004414634659841
2016-04-25,-0.0008693373878630886
2016-04-26,-0.000574026167016231
2016-04-27,0.0043521588065484505
2016-04-28,0.002057769405336087
2016-04-29,0.0005197375397634812
2016-05-02,0.003306617592008264
2016-05-03,-0.0033973648175554105
2016-05-04,-0.0033760931346421023
2016-05-05,0.0007433015682421506
2016-05-06,0.002092440931754763
2016-05-09,-0.0010089210700561224
2016-05-10,0.007506961503280708
2016-05-11,-0.0038476032350896095
2016-05-12,-0.001688622593751081
2016-05-13,-0.00324471592132597
2016-05-16,0.004702907788854479
2016-05-17,-0.0053998964624662965
2016-05-18,-0.004084674628151965
2016-05-19,-0.0020329609565157363
2016-05-20,0.003670869813883265
2016-05-23,-0.0012796516816667833
2016-05-24,0.005737523977924143
2016-05-25,0.0036842979397323223
2016-05-26,0.000597178855097605
2016-05-27,0.0011739386620637502
2016-05-31,0.0002056174516095699
2016-06-01,0.0007375279246044098
2016-06-02,0.0024450030692080194
2016-06-03,0.0025989481221877623
2016-06-06,0.0029541571060656036
2016-06-07,0.001120247361017691
2016-06-08,0.004174570598832141
2016-06-09,-0.00031211283017233823
2016-06-10,-0.0053084799781622375
2016-06-13,-0.0043410656090407266
2016-06-14,-0.0011619192520499573
2016-06-15,0.0001142928775398137
2016-06-16,0.0014696417968565148
2016-06-17,-0.0016755933283067223
2016-06-20,0.0026117741681817813
2016-06-21,-0.0004142719044621366
2016-06-22,-0.0007070212710257302
2016-06-23,0.007755901123824584
2016-06-24,-0.01747947198775711
2016-06-27,-0.010400503772199308
2016-06-28,0.011483462268484634
2016-06-29,0.011611569214761953
2016-06-30,0.01043762171627355
2016-07-01,0.0035541062609122276
2016-07-05,-0.0028260293594945737
2016-07-06,0.004614453196414105
2016-07-07,-0.0011834050581715702
2016-07-08,0.011666563671037855
2016-07-11,0.00038744731198782204
2016-07-12,0.0020683668670666414
2016-07-13,0.0015913153467654998
2016-07-14,0.0020899323602193614
2016-07-15,-0.0018006955800861856
2016-07-18,0.0017975969543014738
2016-07-19,-0.000320759022417004
2016-07-20,0.001234027440637998
2016-07-21,-0.0005498699170977436
2016-07-22,0.0022819658566897837
2016-07-25,-0.0029629355835062974
2016-07-26,0.0007905899262021245
2016-07-27,0.0016535657120351449
2016-07-28,0.0009999184789613157
2016-07-29,0.0029468804800859907
2016-08-01,-0.0014003891120016752
2016-08-02,-0.004103812982189257
2016-08-03,0.0020372199314497197
2016-08-04,0.0009745233232642107
2016-08-05,0.0030042129789093833
2016-08-08,-0.0007664573125687676
2016-08-09,0.0014209602279746563
2016-08-10,-0.0007450999056541772
2016-08-11,0.0017533595058409801
2016-08-12,-2.1616977001213836e-05
2016-08-15,0.00179503264530957
2016-08-16,-0.003559750438918716
2016-08-17,0.0018243340303275692
2016-08-18,0.002388830425759493
2016-08-19,-0.002475568853852449
2016-08-22,-8.563255758555627e-05
2016-08-23,0.001348836139982147
2016-08-24,-0.004815037907974838
2016-08-25,-0.0013537987417278283
2016-08-26,-0.0020024254975686373
2016-08-29,0.004776002259339597
2016-08-30,-0.0022797672817412174
2016-08-31,-0.001968702544514321
2016-09-01,0.0006995015812555807
2016-09-02,0.003478713207868157
2016-09-06,0.0047206762487099
2016-09-07,-0.00016980876164741514
2016-09-08,-0.0030402455208714636
2016-09-09,-0.018768577704742617
2016-09-12,0.010364531767535833
2016-09-13,-0.011572383548850304
2016-09-14,0.0004291249888795493
2016-09-15,0.0066025585397263345
2016-09-16,-0.0026674359703581997
2016-09-19,-0.00014173383548981994
2016-09-20,0.0006169380472514821
2016-09-21,0.009431133007462423
2016-09-22,0.005388140412667432
2016-09-23,-0.003864204581032925
2016-09-26,-0.00546118240022305
2016-09-27,0.004151990574454335
2016-09-28,0.0034556510241299148
2016-09-29,-0.006503006537270715
2016-09-30,0.0047371132193767115
2016-10-03,-0.002918873855483571
2016-10-04,-0.007789537722371108
2016-10-05,0.002682641550636901
2016-10-06,-0.0009890046069542012
2016-10-07,-0.001901135463485214
2016-10-10,0.003048809792092978
2016-10-11,-0.009273735477360299
2016-10-12,0.0010177814647320939
2016-10-13,-0.0014885054970003573
2016-10-14,-0.001032417488350322
2016-10-17,-0.0014053567785617155
2016-10-18,0.00532668453743196
2016-10-19,0.002296558707514008
2016-10-20,-0.0014013681753819993
2016-10-21,0.00023241233148272444
2016-10-24,0.002831558865140051
2016-10-25,-0.0019206859911938923
2016-10-26,-0.0022047957968007945
2016-10-27,-0.002574433847729239
2016-10-28,-0.0016317377754468492
2016-10-31,0.000376018769893717
2016-11-01,-0.0045583802156434735
2016-11-02,-0.003877446794510051
2016-11-03,-0.0027069733408434707
2016-11-04,-0.0008292852948360186
2016-11-07,0.014666078484149641
2016-11-08,0.0025151112776257236
2016-11-09,0.006559851206878974
2016-11-10,-9.646968432026815e-05
2016-11-11,-0.0027506999965019024
2016-11-14,-0.001079392808256972
2016-11-15,0.006256478808796683
2016-11-16,-0.0010621086624930537
2016-11-17,0.0027102871967839798
2016-11-18,-0.002685961870294542
2016-11-21,0.0057918493047852395
2016-11-22,0.0016911752707667149
2016-11-23,-0.0010644176905617606
2016-11-25,0.0024407828697626424
2016-11-28,-0.002621773733894995
2016-11-29,0.0009439482789804645
2016-11-30,-0.0033556009260747102
2016-12-01,-0.002663122070486907
2016-12-02,0.0003551573857362907
2016-12-05,0.004545990410755883
2016-12-06,0.0027196393191634147
2016-12-07,0.010522239776854134
2016-12-08,0.0017282079697569944
2016-12-09,0.0044835398439797185
2016-12-12,-0.0008301571394703969
2016-12-13,0.005243902642389976
2016-12-14,-0.006553784021883874
2016-12-15,0.0028484538763017073
2016-12-16,-0.0012843953887074569
2016-12-19,0.001691231290856929
2016-12-20,0.0027938481726178864
2016-12-21,-0.0018466801603020432
2016-12-22,-0.001447129178072532
2016-12-23,0.0011100498726395857
2016-12-27,0.0019070899930871829
2016-12-28,-0.006371391499394408
2016-12-29,6.787109585047583e-05
2016-12-30,-0.003787507914618172
2017-01-03,0.006895440116017781
2017-01-04,0.004757442580020366
2017-01-05,-0.0006535888266137825
2017-01-06,0.003103745819233305
2017-01-09,-0.0028366709853381855
2017-01-10,-4.174358390919305e-05
2017-01-11,0.002380113398285355
2017-01-12,-0.0016986194702509729
2017-01-13,0.0014759664215189812
2017-01-17,-0.0023757985161114606
2017-01-18,0.001498349665356324
2017-01-19,-0.0028753727927085192
2017-01-20,0.002759912064910319
2017-01-23,-0.0021758291413930824
2017-01-24,0.005252762780350884
2017-01-25,0.006463623755574909
2017-01-26,-0.000529230151211102
2017-01-27,-0.0007410395936977233
2017-01-30,-0.004685189903093778
2017-01-31,-0.0007530203236930101
2017-02-01,0.00043162532922150763
2017-02-02,0.0005026775599093923
2017-02-03,0.005838052497453982
2017-02-06,-0.0016026919813502685
2017-02-07,0.00021716388966416236
2017-02-08,0.0008076425701434627
2017-02-09,0.004749164647679704
2017-02-10,0.002854501586947943
2017-02-13,0.004401101356196213
2017-02-14,0.003477210367292171
2017-02-15,0.004064466486945239
2017-02-16,-0.0006112061108101032
2017-02-17,0.001400800719944206
2017-02-21,0.004794069391464551
2017-02-22,-0.000793952670281717
2017-02-23,0.00042578977666677385
2017-02-24,0.0013859628322917868
2017-02-27,0.0009253174166069852
2017-02-28,-0.0019525672420228955
2017-03-01,0.010748266213088747
2017-03-02,-0.00473599509657008
2017-03-03,0.0004486376953753843
2017-03-06,-0.0026195926898683283
2017-03-07,-0.002453011592624413
2017-03-08,-0.001668970767328458
2017-03-09,0.0005484710300875728
2017-03-10,0.002653552369945616
2017-03-13,0.0005012328910237926
2017-03-14,-0.002701507424512816
2017-03-15,0.0069388037040210996
2017-03-16,-0.0011343326742640333
2017-03-17,-0.0009908718081759183
2017-03-20,-0.0015239186241261793
2017-03-21,-0.009461875180131016
2017-03-22,0.0015479476676338987
2017-03-23,-0.0008895386409781498
2017-03-24,-0.0005937342109258177
2017-03-27,-0.0007048348151613305
2017-03-28,0.005616157323440197
2017-03-29,0.0010489146255491402
2017-03-30,0.0022014339688178333
2017-03-31,-0.0017755708549276835
2017-04-03,-0.0010286462853089367
2017-04-04,0.0006269688668420284
2017-04-05,-0.0022657966430654256
2017-04-06,0.001583409277857338
2017-04-07,-0.0005545735503681623
2017-04-10,0.0005688896923232033
2017-04-11,-0.00046696041195792983
2017-04-12,-0.0026891544433821366
2017-04-13,-0.005019289883072808
2017-04-17,0.006506941103074899
2017-04-18,-0.002005182284585976
2017-04-19,-0.0015065025208972473
2017-04-20,0.005874869060702876
2017-04-21,-0.0022333452637093793
2017-04-24,0.008052156433999369
2017-04-25,0.004331366912981885
2017-04-26,-0.00015833343404317237
2017-04-27,0.0003329900083178633
2017-04-28,-0.0012693030224425889
2017-05-01,0.0007618358632416545
2017-05-02,0.0009140689219619385
2017-05-03,-0.0015711909180810902
2017-05-04,-6.819682154293276e-05
2017-05-05,0.003137985817870869
2017-05-08,-5.425250335609207e-05
2017-05-09,-0.0010739536702281996
2017-05-10,0.0011529490506175862
2017-05-11,-0.0011588271131383159
2017-05-12,-0.0008212774544950408
2017-05-15,0.0038195523130489643
2017-05-16,-0.00010503275182886985
2017-05-17,-0.012201817026998546
2017-05-18,0.002359691509608283
2017-05-19,0.005292298056854937
2017-05-22,0.004092028094875639
2017-05-23,0.0009891685596733265
2017-05-24,0.002121841356942998
2017-05-25,0.0034345594169582897
2017-05-26,0.0008319884784210741
2017-05-30,-0.0009443424046919754
2017-05-31,-1.5548494762421294e-05
2017-06-01,0.005794624455153564
2017-06-02,0.003576989496146044
2017-06-05,-0.000984933125983722
2017-06-06,-0.0012267988212530385
2017-06-07,0.0009259034804125326
2017-06-08,-0.00028803052859079304
2017-06-09,-0.0011495877978826001
2017-06-12,-0.0007967653222313736
2017-06-13,0.0036828112078281638
2017-06-14,-0.0004687765158520645
2017-06-15,-0.0019287827585857727
2017-06-16,0.0003247578814665425
2017-06-19,0.005585960361109455
2017-06-20,-0.004871555287172541
2017-06-21,-0.00021548640930782397
2017-06-22,-5.367402608505373e-05
2017-06-23,0.0013884555947634718
2017-06-26,-0.0001429460074280292
2017-06-27,-0.006357583632031354
2017-06-28,0.0067423285494054635
2017-06-29,-0.007067246838262387
2017-06-30,0.0008472966839767285
2017-07-03,0.0009401331530329691
2017-07-05,0.001438762027558115
2017-07-06,-0.007089960110614125
2017-07-07,0.004414777724455231
2017-07-10,0.0009004782135372842
2017-07-11,-0.00041668398218791975
2017-07-12,0.0060544184755739845
2017-07-13,0.0012912327061555863
2017-07-14,0.00405208348847897
2017-07-17,0.00023049715377630934
2017-07-18,0.0010715312475133272
2017-07-19,0.004179043387750916
2017-07-20,5.507499405890864e-06
2017-07-21,0.0001792736152118494
2017-07-24,-0.0008507180646974133
2017-07-25,0.0015677353698420075
2017-07-26,0.0008277602106671493
2017-07-27,-0.000828878852522216
2017-07-28,-0.0006044883868954008
2017-07-31,-0.0005124809660036374
2017-08-01,0.0020898738283642495
2017-08-02,0.00025069092234378894
2017-08-03,-0.0008974007361595326
2017-08-04,0.0005166435981142348
2017-08-07,0.0012227260205654612
2017-08-08,-0.0016021032874908665
2017-08-09,0.0007855930040087527
2017-08-10,-0.009360271840379672
2017-08-11,0.0014617390932724413
2017-08-14,0.006593845752698454
2017-08-15,-0.0010960102314152296
2017-08-16,0.0019728490930968406
2017-08-17,-0.010463538266246733
2017-08-18,-0.0014216314129435609
2017-08-21,0.0012242906043509608
2017-08-22,0.0067700480911609935
2017-08-23,-0.001758260396795833
2017-08-24,-0.0019264747277369738
2017-08-25,0.0017605197842337612
2017-08-28,0.0015842639696470712
2017-08-29,0.000882764434483212
2017-08-30,0.0034296013218081886
2017-08-31,0.005233861842864478
2017-09-01,0.0011340755813925372
2017-09-05,-0.0030323325676311465
2017-09-06,0.0012987372201861734
2017-09-07,0.0017974207950483755
2017-09-08,-0.0012695177279655502
2017-09-11,0.005252720008904867
2017-09-12,0.002300600532900038
2017-09-13,-0.0005535574589446771
2017-09-14,-8.281621544376816e-05
2017-09-15,0.001081162873432087
2017-09-18,-0.0005390821341231975
2017-09-19,0.0008190673016802452
2017-09-20,-0.0006865125609028462
2017-09-21,-0.0030904198592122505
2017-09-22,0.0012198125435825386
2017-09-25,-1.334439863534455e-05
2017-09-26,-0.0011528076631341232
2017-09-27,0.001061065326529963
2017-09-28,0.0011380729673091952
2017-09-29,0.0019040145981649662
2017-10-02,0.0018176755684824034
2017-10-03,0.0018716805678870808
2017-10-04,0.0011421831589154897
2017-10-05,0.0033285232661295037
2017-10-06,-0.00030552793669223895
2017-10-09,-0.00022163973765142305
2017-10-10,0.0019800896230031018
2017-10-11,0.0018170466085124194
2017-10-12,-0.0008532660386729604
2017-10-13,0.0020550150053252683
2017-10-16,0.00021411613518906966
2017-10-17,-0.0002910301194748764
2017-10-18,-0.00033609496830814135
2017-10-19,0.0010833581530259942
2017-10-20,0.0021624372957926644
2017-10-23,-0.0024205061793403405
2017-10-24,0.00015955909748115562
2017-10-25,-0.00357170554433641
2017-10-26,-0.0002185701419869058
2017-10-27,0.006767676849181372
2017-10-30,-0.0012724857258597164
2017-10-31,0.0001695627237899523
2017-11-01,0.0015039966168116407
2017-11-02,0.00044702526997403134
2017-11-03,0.0022671039025081922
2017-11-06,0.0017546638784816052
2017-11-07,-0.0003209762466476249
2017-11-08,0.0011181461194252435
2017-11-09,-0.002374927194001924
2017-11-10,-0.0016926838169576627
2017-11-13,0.0007636302439942826
2017-11-14,-0.0012325057189905486
2017-11-15,-0.003431917448016898
2017-11-16,0.005873587235701353
2017-11-17,-0.0009127320939919708
2017-11-20,-0.00011384621212120087
2017-11-21,0.004955191169531994
2017-11-22,0.000607469747428974
2017-11-24,0.00123398137499204
2017-11-27,0.00017474655441803187
2017-11-28,0.007288030035974752
2017-11-29,-0.001086965091322291
2017-11-30,0.005295354125391315
2017-12-01,-0.0007611727882770565
2017-12-04,-0.0010380124360948985
2017-12-05,-0.0031264826276565685
2017-12-06,-2.627314736275445e-05
2017-12-07,0.0010955884963329524
2017-12-08,0.003995000108143265
2017-12-11,0.001947730826301641
2017-12-12,0.0011614449135298214
2017-12-13,0.0007227418510849153
2017-12-14,-0.0030071605070720237
2017-12-15,0.006692765564893485
2017-12-18,0.0040470316965901506
2017-12-19,-0.002727108994707503
2017-12-20,-0.0006009608905192727
2017-12-21,0.0016143545982816945
2017-12-22,0.0001222345929135198
2017-12-26,-0.00019221499248060227
2017-12-27,0.0013557983616207384
2017-12-28,0.0017220770026072443
2017-12-29,-0.0030867540453524654
2018-01-02,0.006791637504942431
2018-01-03,0.00432684510515725
2018-01-04,0.0034492851456110253
2018-01-05,0.004714254119506965
2018-01-08,0.0011314367167805737
2018-01-09,0.0002593406371849508
2018-01-10,-0.0005588484195069933
2018-01-11,0.005347286115878138
2018-01-12,0.005918916046907198
2018-01-16,-0.0022767749179484977
2018-01-17,0.0056195430133271895
2018-01-18,-0.001556520735225098
2018-01-19,0.0033255833620454344
2018-01-22,0.005818145360341504
2018-01-23,0.002286177293451222
2018-01-24,0.0006765811005228231
2018-01-25,-6.157584496636294e-05
2018-01-26,0.008154184208258823
2018-01-29,-0.005469704934466297
2018-01-30,-0.008195653090307587
2018-01-31,0.0010673548309013345
2018-02-01,-2.7117478707321177e-07
2018-02-02,-0.016094540240142955
2018-02-05,-0.028453555743521108
2018-02-06,0.011255849160005665
2018-02-07,-0.0039332382207919155
2018-02-08,-0.026046162721077515
2018-02-09,0.010558417356226642
2018-02-12,0.010243693457784572
2018-02-13,0.0024330335884117558
2018-02-14,0.011285222034609218
2018-02-15,0.008754452451682333
2018-02-16,1.668525513935582e-05
2018-02-20,-0.005386787429825626
2018-02-21,-0.004316780413632329
2018-02-22,0.0012689624572405044
2018-02-23,0.011179537299338021
2018-02-26,0.008516825826026172
2018-02-27,-0.009796808578456254
2018-02-28,-0.007779068583550388
2018-03-01,-0.009425481431101859
2018-03-02,0.004173417690094535
2018-03-05,0.007557472054308708
2018-03-06,0.0029608875830086055
2018-03-07,-0.0009331685475997087
2018-03-08,0.003051514739480551
2018-03-09,0.012320530943498291
2018-03-12,-0.000869454865912559
2018-03-13,-0.004225020293745166
2018-03-14,-0.003877986602050856
2018-03-15,-0.0011646894027731146
2018-03-16,0.001018302224624653
2018-03-19,-0.009723927427431747
2018-03-20,0.0005780115335366676
2018-03-21,0.0005717465172788118
2018-03-22,-0.017963099268723817
2018-03-23,-0.013354101815710798
2018-03-26,0.019511290560539903
2018-03-27,-0.012665759310661509
2018-03-28,-0.003284168165326754
2018-03-29,0.009760920225411748
2018-04-02,-0.014472855480331328
2018-04-03,0.008081190523464062
2018-04-04,0.0083076899629787
2018-04-05,0.004411367246258543
2018-04-06,-0.014863464560927901
2018-04-09,0.00290455221314538
2018-04-10,0.011943024309120193
2018-04-11,-0.003015661925897576
2018-04-12,0.00469539135657436
2018-04-13,-0.0013542335764171222
2018-04-16,0.005878517925694734
2018-04-17,0.007553532655390779
2018-04-18,0.0006375951222320453
2018-04-19,-0.00407535077103515
2018-04-20,-0.0067034747643667705
2018-04-23,-0.0007607226190998331
2018-04-24,-0.00884461229560374
2018-04-25,0.0006560998566962982
2018-04-26,0.006975391732187804
2018-04-27,0.0012632134546525864
2018-04-30,-0.00645633081476277
2018-05-01,0.00110794550548075
2018-05-02,-0.004748214733977469
2018-05-03,-0.000986923933033883
2018-05-04,0.008764159426307946
2018-05-07,0.002301487031442816
2018-05-08,-0.00012825260185982443
2018-05-09,0.0062625399188693765
2018-05-10,0.006872945649541499
2018-05-11,0.0012292237741031637
2018-05-14,0.00026776610841078687
2018-05-15,-0.00575590630816988
2018-05-16,0.0027477835889858243
2018-05-17,-0.00032785950088866616
2018-05-18,-0.001615242461770176
2018-05-21,0.004918166019809676
2018-05-22,-0.002097816821812093
2018-05-23,0.002267535047208922
2018-05-24,-0.0005364856721097505
2018-05-25,-0.0017020576743260064
2018-05-29,-0.007584619485937271
2018-05-30,0.008550360835302421
2018-05-31,-0.0045032458976193655
2018-06-01,0.008234966266688556
2018-06-04,0.0034397811642668257
2018-06-05,0.0007139045544316385
2018-06-06,0.0065873570356673955
2018-06-07,-0.00040543891209882224
2018-06-08,0.002508613906844232
2018-06-11,0.0009032682903937241
2018-06-12,0.0012577454885190635
2018-06-13,-0.002980943677003627
2018-06-14,0.0022443092571367727
2018-06-15,-0.001253121868932647
2018-06-18,-0.001704381249131923
2018-06-19,-0.0030916033440001197
2018-06-20,0.0011390120286956208
2018-06-21,-0.004829230004448697
2018-06-22,0.0015499291900971386
2018-06-25,-0.010603421229189336
2018-06-26,0.0014901123905981181
2018-06-27,-0.006746067210324503
2018-06-28,0.004738398062334821
2018-06-29,0.0007928368258776876
2018-07-02,0.00246069386785187
2018-07-03,-0.003916602518115331
2018-07-05,0.007090672355432359
2018-07-06,0.006883611684547485
2018-07-09,0.007289756747842857
2018-07-10,0.0028152314739525613
2018-07-11,-0.005677070735042854
2018-07-12,0.007077397936830698
2018-07-13,0.0008867105466337508
2018-07-16,-0.0007640981914752377
2018-07-17,0.0031894167790034286
2018-07-18,0.0017473325848327834
2018-07-19,-0.003059059511498663
2018-07-20,-0.0007051978139828276
2018-07-23,0.0014488908989304656
2018-07-24,0.0039056393149528574
2018-07-25,0.00726329442314143
2018-07-26,-0.0024048197447205655
2018-07-27,-0.005206488803795427
2018-07-30,-0.004560655076971131
2018-07-31,0.003974986105313383
2018-08-01,-0.0008225145427526283
2018-08-02,0.004044551292231813
2018-08-03,0.0038216642889733364
2018-08-06,0.0029265584852440902
2018-08-07,0.0022882390711803976
2018-08-08,-0.0002095353249248812
2018-08-09,-0.0009269363215846817
2018-08-10,-0.005408747968509685
2018-08-13,-0.0031720125482376346
2018-08-14,0.005135755273407516
2018-08-15,-0.005892510119395921
2018-08-16,0.006574300695843738
2018-08-17,0.0027455777947273602
2018-08-20,0.0019706713020023353
2018-08-21,0.0017026422991137766
2018-08-22,-0.0002961185554484992
2018-08-23,-0.0012404112888003362
2018-08-24,0.004965623831713251
2018-08-27,0.006248116358086941
2018-08-28,0.00022078462430373793
2018-08-29,0.004606424056943259
2018-08-30,-0.0033274565890339387
2018-08-31,0.00016486715689557598
2018-09-04,-0.0013905039457388878
2018-09-05,-0.0022598845880158172
2018-09-06,-0.0025219718198157847
2018-09-07,-0.00197726016370571
2018-09-10,0.0015543055837072988
2018-09-11,0.0028173142148128468
2018-09-12,0.00036986736629255837
2018-09-13,0.004429452992284605
2018-09-14,0.0002282453910145083
2018-09-17,-0.004403058307322103
2018-09-18,0.004049298098531319
2018-09-19,0.000890583443385937
2018-09-20,0.006341443277515322
2018-09-21,-0.00025158200519341675
2018-09-24,-0.002871764082081154
2018-09-25,-0.00105327196319728
2018-09-26,-0.0024172548561686956
2018-09-27,0.002387150352836603
2018-09-28,5.88761162151429e-05
2018-10-01,0.0029305202949393757
2018-10-02,-0.00026738248122412113
2018-10-03,0.0005669393821275846
2018-10-04,-0.006306529627500345
2018-10-05,-0.004391906694369074
2018-10-08,-0.0003155269384616745
2018-10-09,-0.000924986615884993
2018-10-10,-0.0262432188000146
2018-10-11,-0.01643561227394813
2018-10-12,0.011449684893407284
2018-10-15,-0.004686182469661026
2018-10-16,0.017239401396122355
2018-10-17,-0.00017135094750043729
2018-10-18,-0.011437834964414806
2018-10-19,-0.000246873196250952
2018-10-22,-0.003377451062591141
2018-10-23,-0.004371235693488928
2018-10-24,-0.024671004418970043
2018-10-25,0.014918507785293009
2018-10-26,-0.013839398816000015
2018-10-29,-0.005239075457276098
2018-10-30,0.012602766846739274
2018-10-31,0.008728499964249814
2018-11-01,0.007145613775473274
2018-11-02,-0.00430941933662596
2018-11-05,0.0038002634695026667
2018-11-06,0.004192719877924473
2018-11-07,0.014178862343021969
2018-11-08,-0.0013306660474264596
2018-11-09,-0.005844693922467397
2018-11-12,-0.013087835322481959
2018-11-13,-0.0009112953602468848
2018-11-14,-0.004849600708472783
2018-11-15,0.00739782486999252
2018-11-16,0.0016470399476888947
2018-11-19,-0.011069835725869311
2018-11-20,-0.011991994428720017
2018-11-21,0.002143091367984891
2018-11-23,-0.004320396545570308
2018-11-26,0.010443951739604414
2018-11-27,0.0022060906090444507
2018-11-28,0.015387471980418009
2018-11-29,-0.0011991635381081841
2018-11-30,0.00565877734556698
2018-12-03,0.004607799917173593
2018-12-04,-0.008696681997758396
2018-12-06,0.0007720003154507754
2018-12-07,-0.00639957710307031
2018-12-10,0.0008703089481697182
2018-12-11,-0.0012534388030456338
2018-12-12,0.0006416943596266304
2018-12-13,0.00027650433730107835
2018-12-14,-0.005606635949711504
2018-12-17,-0.005585786439042897
2018-12-18,0.0011418140064849464
2018-12-19,-0.0035739249336345785
2018-12-20,-0.005764521347905119
2018-12-21,-0.0064295703361684055
2018-12-24,-0.007872482104578724
2018-12-26,0.014405279424805198
2018-12-27,0.004076008061493248
2018-12-28,0.002071929556767929
2018-12-31,0.0045642605182033965
2019-01-02,0.002032705382340732
2019-01-03,0.007998868412467003
2019-01-04,-0.00808214785756351
2019-01-07,-0.002472295254641788
2019-01-08,-0.002513282734402539
2019-01-09,0.000863840341141358
2019-01-10,-0.0007575407865238699
2019-01-11,0.0029165397594849312
2019-01-14,-0.000434530932857497
2019-01-15,-0.001004243865591004
2019-01-16,-0.00039351310247418063
2019-01-17,-0.0018075131743530155
2019-01-18,-0.003474146969749259
2019-01-22,0.003478540436765925
2019-01-23,-0.0005333064222700418
2019-01-24,0.0029378290919822407
2019-01-25,-0.0014659735085498175
2019-01-28,0.0004435985366592892
2019-01-29,0.0030182258077889154
2019-01-30,0.0024696959386215685
2019-01-31,0.004385884159171976
2019-02-01,-0.003175604554031916
2019-02-04,0.0003461947499399571
2019-02-05,0.002693806266569295
2019-02-06,-0.000675403424581256
2019-02-07,-0.0005705635419685706
2019-02-08,0.001419697011628078
2019-02-11,-0.0011080406167125662
2019-02-12,0.0032340200399828
2019-02-13,-0.0009154217872287789
2019-02-14,0.0026527265839448003
2019-02-15,0.0031555385954706626
2019-02-19,0.002686399688202218
2019-02-20,0.00034153136934811086
2019-02-21,-0.0037374725457031237
2019-02-22,0.004063265845372518
2019-02-25,-0.0006202558138118084
2019-02-26,0.0017345273093379925
2019-02-27,-0.002853892135494586
2019-02-28,-0.0028001932421541616
2019-03-01,0.0006302031396051911
2019-03-04,-0.0007001303722064117
2019-03-05,-0.00018097901261804265
2019-03-06,-0.001969885029622951
2019-03-07,-0.002407634449439082
2019-03-08,0.0004670642749937697
2019-03-11,0.0063872265761611155
2019-03-12,0.0016741918840360794
2019-03-13,0.005205395977564737
2019-03-14,-0.0017567627582610755
2019-03-15,0.0041587057839758195
2019-03-18,0.0012479462588947854
2019-03-19,-0.0001402632729004542
2019-03-20,0.002155060846755309
2019-03-21,0.0047575654746154225
2019-03-22,-0.005697861704527889
2019-03-25,0.0013236323142952577
2019-03-26,0.002723142875916804
2019-03-27,-0.0013479068178136654
2019-03-28,0.0007870508518895889
2019-03-29,0.002638003818743817
2019-04-01,0.006591663562241273
2019-04-02,0.000685646168174688
2019-04-03,0.0007922489111077697
2019-04-04,0.0020766676756827415
2019-04-05,0.003332983671890264
2019-04-08,0.0008015041182170555
2019-04-09,-0.0033381445586771244
2019-04-10,0.003280219224863645
2019-04-11,-0.0014851896466951734
2019-04-12,0.0037980782379460278
2019-04-15,-0.00032881179469049584
2019-04-16,-0.001068482776750494
2019-04-17,-0.0016799828428925355
2019-04-18,0.0016845638138188587
2019-04-22,0.0004565306863902698
2019-04-23,0.006557720976967583
2019-04-24,-0.0005694598932205491
2019-04-25,-0.00044331628030762436
2019-04-26,0.004460942825642503
2019-04-29,1.19993101872124e-05
2019-04-30,0.0013513718148179365
2019-05-01,-0.0059982121478426055
2019-05-02,-0.002411023767909924
2019-05-03,0.00767138584871493
2019-05-06,-0.00242774839277806
2019-05-07,-0.010544107674306668
2019-05-08,-0.00173177096027579
2019-05-09,-0.0011044537020589037
2019-05-10,0.002900803324430069
2019-05-13,-0.01484778531367775
2019-05-14,0.005330749532984793
2019-05-15,0.004806623157952185
2019-05-16,0.005315197462597177
2019-05-17,-0.004631359162376301
2019-05-20,-0.00506162061928259
2019-05-21,0.005505693487093955
2019-05-22,-0.0014638970032883486
2019-05-23,-0.006278253239411511
2019-05-24,0.0011008261340667803
2019-05-28,-0.005373259510560589
2019-05-29,-0.004861594362400355
2019-05-30,0.002962910277189458
2019-05-31,-0.00642430487573876
2019-06-03,0.003120490583102777
2019-06-04,0.005533614411205196
2019-06-05,0.0031513479464443175
2019-06-06,0.002464790440357152
2019-06-07,0.006441398622706864
2019-06-10,-0.002085342968820957
2019-06-11,-0.0002282623270595907
2019-06-12,0.0012242207060933056
2019-06-13,0.0035095746111894603
2019-06-14,-0.00014979978041356634
2019-06-17,0.0001610135541374858
2019-06-18,0.0049701431936942
2019-06-19,0.0031541168399016784
2019-06-20,0.006763481132489214
2019-06-21,-0.002010622638145958
2019-06-24,0.0027835112855501346
2019-06-25,-0.0022829829439815637
2019-06-26,-0.003600516422742038
2019-06-27,0.002944376723159016
2019-06-28,0.0025487013825040605
2019-07-01,0.003185890293777939
2019-07-02,0.004921161932318276
2019-07-03,0.0019050287285156688
2019-07-05,0.0005862852171163017
2019-07-08,-0.004221596802138515
2019-07-09,0.0012901941858868406
2019-07-10,0.004851361556742496
2019-07-11,-0.00023102996769028728
2019-07-12,0.0041453368322329175
2019-07-15,0.0005418963067708074
2019-07-16,-0.0036481737270111824
2019-07-17,-0.0019820345531343805
2019-07-18,0.004481084623662447
2019-07-19,-0.006135078014606652
2019-07-22,0.0020718761627618776
2019-07-23,0.003909704095513191
2019-07-24,0.004108298602055207
2019-07-25,-0.004736420288220542
2019-07-26,0.005306070907381457
2019-07-29,-0.000282393244523836
2019-07-30,-0.001310948854765935
2019-07-31,-0.008403525271242072
2019-08-01,-0.0015617962463372525
2019-08-02,-0.005004487445138171
2019-08-05,-0.01768545355840797
2019-08-06,0.010297335688728693
2019-08-07,0.0020720279230109677
2019-08-08,0.013832754402469482
2019-08-09,-0.005158774460162439
2019-08-12,-0.006267372286237258
2019-08-13,0.009311988486870072
2019-08-14,-0.018289606537322135
2019-08-15,0.00379448993738586
2019-08-16,0.00904530054992795
2019-08-19,0.006390735206072331
2019-08-20,-0.003826618171817473
2019-08-21,0.004955166050459216
2019-08-22,-0.0010328376882818388
2019-08-23,-0.014856032612949953
2019-08-26,0.007593618481726451
2019-08-27,-0.0004222239377425258
2019-08-28,0.004393506982825003
2019-08-29,0.007895482294332203
2019-08-30,0.000337570226875329
2019-09-03,-0.0029522548534330548
2019-09-04,0.008586508954807138
2019-09-05,0.005256574780629953
2019-09-06,-6.740078514060207e-05
2019-09-09,-0.0016197332260451378
2019-09-10,-0.002065061672326617
2019-09-11,0.0055046128730520515
2019-09-12,0.0018795151024198278
2019-09-13,-0.0029743537211273526
2019-09-16,-0.0004712505464188095
2019-09-17,0.0025284130393978268
2019-09-18,-0.00031541451752712264
2019-09-19,0.0005479035662503309
2019-09-20,-0.001063069900606149
2019-09-23,0.0007733280971360625
2019-09-24,-0.004309896923543663
2019-09-25,0.0011425105353854337
2019-09-26,-0.0012603540259203058
2019-09-27,-0.0038525685376771574
2019-09-30,0.002174313130656181
2019-10-01,-0.007451059777656897
2019-10-02,-0.010675944897762179
2019-10-03,0.007250809452542474
2019-10-04,0.010339122441096261
2019-10-07,-0.00465506412253812
2019-10-08,-0.009580491497052743
2019-10-09,0.0061732733170082885
2019-10-10,0.0023786129008265054
2019-10-11,0.005800441408652037
2019-10-14,-1.9091405196024192e-05
2019-10-15,0.005309284327802668
2019-10-16,-0.000388848149803876
2019-10-17,0.0020562971605898937
2019-10-18,-0.0026554646311268233
2019-10-21,0.0036194323192401024
2019-10-22,-0.0017180165955191324
2019-10-23,0.0023224112261930013
2019-10-24,0.0020190355091201386
2019-10-25,0.0026647836519135505
2019-10-28,0.002291999272357283
2019-10-29,-0.0006741762475698784
2019-10-30,0.003851300120337066
2019-10-31,0.000198339715035502
2019-11-01,0.0065372674869469075
2019-11-04,0.001295239683374706
2019-11-05,-0.0035229828729501744
2019-11-06,0.0015463506050250944
2019-11-07,-0.0009153313331910485
2019-11-08,0.001010258833692347
2019-11-11,-0.00140105869796424
2019-11-12,0.00149049480249296
2019-11-13,0.0014639330376209473
2019-11-14,0.0021946304902405915
2019-11-15,0.005093523990132666
2019-11-18,0.0009996253258697367
2019-11-19,5.299818838142707e-05
2019-11-20,-0.0017102174984924595
2019-11-21,-0.0021158019253953095
2019-11-22,0.0013054521468116045
2019-11-25,0.004946609556596561
2019-11-26,0.0024106484481587823
2019-11-27,0.0019549953564695927
2019-11-29,-0.0021958998377202815
2019-12-02,-0.006788069073253853
2019-12-03,-0.0018845944895172857
2019-12-04,0.003592505573114669
2019-12-05,0.0008324866946759613
2019-12-06,0.004822490675837577
2019-12-09,-0.002024869898309488
2019-12-10,-0.0006976773464881667
2019-12-11,0.003558819949088944
2019-12-12,0.004167844022480273
2019-12-13,0.0017941214930094944
2019-12-16,0.004078198022783599
2019-12-17,0.00023328618953012546
2019-12-18,-0.0007797715398995195
2019-12-19,0.0035783902120726588
2019-12-20,0.003597410263950608
2019-12-23,0.0007299586859803489
2019-12-24,0.001197869924430507
2019-12-26,0.004728264767717895
2019-12-27,0.0002859982078987757
2019-12-30,-0.003872310531340826
2019-12-31,0.0015699564856072835
2020-01-02,0.007394616557786124
2020-01-03,-0.002541834994941141
2020-01-06,0.0033563165869750864
2020-01-07,-0.0017160301225869507
2020-01-08,0.002361499614830362
2020-01-09,0.004391324338017319
2020-01-10,-0.0010731181998875927
2020-01-13,0.003966186365468441
2020-01-14,-0.0007876776525119116
2020-01-15,0.002286218003773363
2020-01-16,0.00542379535591074
2020-01-17,0.0027752252966629504
2020-01-21,-0.001137960119757089
2020-01-22,0.0002860323424497131
2020-01-23,0.001453878575111742
2020-01-24,-0.005192622997691323
2020-01-27,-0.009313184153456526
2020-01-28,0.005653591880077432
2020-01-29,0.0006726519352733248
2020-01-30,0.0024490576991694846
2020-01-31,-0.011005632591404883
2020-02-03,0.004267110819896671
2020-02-04,0.008024070373089965
2020-02-05,0.007144218322816743
2020-02-06,0.0031238520622045253
2020-02-07,-0.002423547806938784
2020-02-10,0.0058787379914207695
2020-02-11,0.0003860837058383815
2020-02-12,0.0039516321682478445
2020-02-13,-0.00017319047581233348
2020-02-14,0.002315347465798502
2020-02-18,-0.0004033127581124158
2020-02-19,0.003960267266284414
2020-02-20,-0.0016500348461177192
2020-02-21,-0.005029618479377227
2020-02-24,-0.02091760971823639
2020-02-25,-0.022416631745537728
2020-02-26,-0.0023082530934842344
2020-02-27,-0.029787688877414936
2020-02-28,-0.0070622220734979126
2020-03-02,0.032656832982654
2020-03-03,-0.014189323644608473
2020-03-04,0.02931397221670237
2020-03-05,-0.01966440971602639
2020-03-06,-0.009849277171038416
2020-03-09,-0.05115072176783639
2020-03-10,0.028813399325952737
2020-03-11,-0.03651262805453828
2020-03-12,-0.0703296509717761
2020-03-13,0.060887219038236615
2020-03-16,-0.07972267765104976
2020-03-17,0.03832952887561542
2020-03-18,-0.04104886295500434
2020-03-19,0.002108819828886722
2020-03-20,-0.02364244179570832
2020-03-23,-0.013722181875607461
2020-03-24,0.0692451481278333
2020-03-25,0.006822339746485297
2020-03-26,0.04548706484570205
2020-03-27,-0.022745985794386008
2020-03-30,0.024477913252624973
2020-03-31,-0.013961360343820594
2020-04-01,0.004604437408894813
2020-04-02,0.0017811329696072807
2020-04-03,0.001152873108581177
2020-04-06,-0.0012938639924289213
2020-04-07,-0.00454480135930788
2020-04-08,-0.0020138149396543782
2020-04-09,0.004545264176516762
2020-04-13,-0.00022613539211557713
2020-04-14,0.001974032477781929
2020-04-15,0.007526615798378856
2020-04-16,0.0008672078152493942
2020-04-17,-0.004306755334376976
2020-04-20,0.003072393102010319
2020-04-21,0.0018187244044803326
2020-04-22,-0.0008326987547358044
2020-04-23,0.0015800668966021402
2020-04-24,-0.00021390797629590078
2020-04-27,-0.005459014196265587
2020-04-28,0.0034746877805667776
2020-04-29,0.00010554271314964337
2020-04-30,-0.003957705634206109
2020-05-01,-0.0015659095568536477
2020-05-04,0.0009703958025435897
2020-05-05,0.0008945317359250371
2020-05-06,-0.004993595450994391
2020-05-07,0.007696425810349291
2020-05-08,-0.0011848621767546188
2020-05-11,-0.0027983084319048914
2020-05-12,0.0005914492856144191
2020-05-13,0.0005386714616323571
2020-05-14,0.0034711676882996337
2020-05-15,0.0005158819019598316
2020-05-18,-0.0018902145208005284
2020-05-19,0.001944780801201143
2020-05-20,0.0023901111625189084
2020-05-21,-0.0018466092703829807
2020-05-22,0.002362504585402282
2020-05-26,-0.002047707825810262
2020-05-27,0.0025514597833237664
2020-05-28,-0.0006104153278236163
2020-05-29,0.0038237453606145065
2020-06-01,0.0015696357937172957
2020-06-02,0.0013294195553341832
2020-06-03,-0.00029370093614575145
2020-06-04,-0.002238416015149646
2020-06-05,0.004405564145456441
2020-06-08,0.0058954485733744965
2020-06-09,0.00022740071400878688
2020-06-10,0.0036840625834175154
2020-06-11,-0.01936494542222043
2020-06-12,0.0035941077609841065
2020-06-15,0.0022861225109017066
2020-06-16,0.005455752508916812
2020-06-17,-0.0002098844388422437
2020-06-18,0.001244637435169295
2020-06-19,-0.000632011723689195
2020-06-22,0.002417382213859655
2020-06-23,0.002165786645041019
2020-06-24,-0.008357501196054022
2020-06-25,0.0038798777092628476
2020-06-26,-0.006540710092733246
2020-06-29,0.0057745625494350595
2020-06-30,0.004870502174938562
2020-07-01,0.002773991562563573
2020-07-02,0.003793926046934616
2020-07-06,0.011420418025658819
2020-07-07,-0.006298975414170481
2020-07-08,0.005796933228273939
2020-07-09,-0.0033853064155507573
2020-07-10,0.006674226660594585
2020-07-13,-0.006217877427380733
2020-07-14,0.009924048356156403
2020-07-15,0.006391793322710661
2020-07-16,-0.003161815076390305
2020-07-17,0.002801290212718744
2020-07-20,0.006496126916264368
2020-07-21,0.002600920643642292
2020-07-22,0.005623771558095826
2020-07-23,-0.007494748800159333
2020-07-24,-0.003561715085140902
2020-07-27,0.0068417117976207545
2020-07-28,-0.003216142299308054
2020-07-29,0.009711183302520732
2020-07-30,-0.002978282848621415
2020-07-31,0.00640037844287177
2020-08-03,0.005061319928800445
2020-08-04,0.005337616929238477
2020-08-05,0.004761479029209883
2020-08-06,0.006130902189464939
2020-08-07,-0.0014245275666392877
2020-08-10,0.0013674759897077237
2020-08-11,-0.011633235413151975
2020-08-12,0.008842933670044054
2020-08-13,0.0006890397089953666
2020-08-14,-0.00040316668498952967
2020-08-17,0.004411213337375542
2020-08-18,0.002965577207849502
2020-08-19,-0.006388424119130974
2020-08-20,0.0034984768452051796
2020-08-21,0.0017955308180935391
2020-08-24,0.006266450489246224
2020-08-25,0.002169174530844921
2020-08-26,0.008238259338518218
2020-08-27,-0.0006500694575012555
2020-08-28,0.006849557834641996
2020-08-31,-0.0010054192797919735
2020-09-01,0.006053323252678945
2020-09-02,0.009794270149585272
2020-09-03,-0.02500894903316267
2020-09-04,-0.006533189945373073
2020-09-08,-0.019166137457066967
2020-09-09,0.015009996702867567
2020-09-10,-0.012354209248494497
2020-09-11,0.0007109446989673875
2020-09-14,0.009747635405931878
2020-09-15,0.003323891585941964
2020-09-16,-0.003040464302438282
2020-09-17,-0.006364311907397389
2020-09-18,-0.007869172603008987
2020-09-21,-0.00971319644730185
2020-09-22,0.00687804543836066
2020-09-23,-0.018716902530124147
2020-09-24,0.002593830383955144
2020-09-25,0.01108305480245163
2020-09-28,0.012249351818041331
2020-09-29,-0.00229224884702681
2020-09-30,0.0046583414994170414
2020-10-01,0.0047838327870058164
2020-10-02,-0.006990934149862492
2020-10-05,0.011876017385187187
2020-10-06,-0.010469597237629646
2020-10-07,0.011566505322696673
2020-10-08,0.006537478013048461
2020-10-09,0.007884554660813628
2020-10-12,0.011415080045911916
2020-10-13,-0.005543800689028565
2020-10-14,-0.004194270241584873
2020-10-15,-0.0009014635173030571
2020-10-16,-0.0003578940209948854
2020-10-19,-0.01171184310171477
2020-10-20,0.003371794022113507
2020-10-21,-0.0010358511953522873
2020-10-22,0.0020341736887918415
2020-10-23,0.0025997562896392665
2020-10-26,-0.012528861543596347
2020-10-27,-0.0013977470184134296
2020-10-28,-0.026335287283828716
2020-10-29,0.0071618554547884464
2020-10-30,-0.008609119835077169
2020-11-02,0.009829228449279841
2020-11-03,0.01273117665262208
2020-11-04,0.01649145817240327
2020-11-05,0.016036988073769933
2020-11-06,-0.0004318073307516807
2020-11-09,0.002847399923267589
2020-11-10,-0.0009202467617789092
2020-11-11,0.0051328599747296425
2020-11-12,-0.005478781890379279
2020-11-13,0.010103064167235623
2020-11-16,0.008054613255217065
2020-11-17,-0.003277771150727619
2020-11-18,-0.00858577133488661
2020-11-19,0.0027626189250115206
2020-11-20,-0.004214531217880316
2020-11-23,0.0017872481657096794
2020-11-24,0.00957641863928914
2020-11-25,-0.001096063110638357
2020-11-27,0.0011383988420885093
2020-11-30,-0.0038731578156259786
2020-12-01,0.009162697763302273
2020-12-02,0.0016916665382158097
2020-12-03,0.00024142449984379327
2020-12-04,0.006282242272967922
2020-12-07,-0.0005295688763380329
2020-12-08,0.002348546327729489
2020-12-09,-0.006876494460413193
2020-12-10,-0.0008563081352983857
2020-12-11,-0.000693068985306476
2020-12-14,-0.0034636677619002687
2020-12-15,0.010332007334260453
2020-12-16,0.0015642966910968277
2020-12-17,0.004829351623175831
2020-12-18,-0.002721510180474298
2020-12-21,-0.0030221556746443563
2020-12-22,-0.0017836858755866014
2020-12-23,0.0007480528981347193
2020-12-24,0.00303875604634109
2020-12-28,0.0063636986271570755
2020-12-29,-0.0015000637732906518
2020-12-30,0.0014990174591753794
2020-12-31,0.005131554386677773
2021-01-04,-0.008059395782082762
2021-01-05,0.005240320650201353
2021-01-06,0.0022052643963900672
2021-01-07,0.010192416863236166
2021-01-08,0.0003972202987462066
2021-01-11,-0.004834134095459109
2021-01-12,0.0009129682001342855
2021-01-13,0.0012894856469167354
2021-01-14,-0.002658400798121682
2021-01-15,-0.006176227779301794
2021-01-19,0.006587402852988673
2021-01-20,0.011395833188559456
2021-01-21,0.00016793642532655285
2021-01-22,-0.0028578616717710526
2021-01-25,0.002768718437427822
2021-01-26,-0.0013165045033868476
2021-01-27,-0.018569710838024264
2021-01-28,0.006925922121189849
2021-01-29,-0.01352809430013679
2021-02-01,0.012506940133043211
2021-02-02,0.00980063016666025
2021-02-03,0.0006790436657346114
2021-02-04,0.007159565648152375
2021-02-05,0.003493632212705948
2021-02-08,0.006067261759482028
2021-02-09,-0.0005450692266582031
2021-02-10,-8.071813223971723e-05
2021-02-11,0.0009840427376266872
2021-02-12,0.003396691381935772
2021-02-16,-0.0010318951415294838
2021-02-17,-0.0006874017323971379
2021-02-18,-0.0033112936802798384
2021-02-19,-0.0011202398808477694
2021-02-22,-0.005012665175992139
2021-02-23,0.0008410242394355652
2021-02-24,0.008463754147363037
2021-02-25,-0.0191757533335247
2021-02-26,-0.004686848981070242
2021-03-01,0.018602979676870208
2021-03-02,-0.006235107469509798
2021-03-03,-0.010359443649568329
2021-03-04,-0.010538507380347976
2021-03-05,0.015314279160473536
2021-03-08,-0.0043860885929187365
2021-03-09,0.01151345170198593
2021-03-10,0.004849060630354301
2021-03-11,0.008202614481909228
2021-03-12,0.0009637537734741454
2021-03-15,0.005191659316355532
2021-03-16,-0.001194710708551554
2021-03-17,0.0024013285281063103
2021-03-18,-0.011643960975682098
2021-03-19,-0.0003219126510141951
2021-03-22,0.005478882637055319
2021-03-23,-0.006076449896795551
2021-03-24,-0.004200966561663367
2021-03-25,0.004067624409351709
2021-03-26,0.013079812625037478
2021-03-29,-0.0008786705262870127
2021-03-30,-0.0026567158870047652
2021-03-31,0.003128663288065415
2021-04-01,0.009481074029144807
2021-04-05,0.01163598983582047
2021-04-06,-0.0007670332016305959
2021-04-07,0.0011950515811021685
2021-04-08,0.0035814281364671464
2021-04-09,0.006162078309165075
2021-04-12,-0.00014550195200685475
2021-04-13,0.002634449802937821
2021-04-14,-0.0031756752208870307
2021-04-15,0.00891273270095897
2021-04-16,0.0028846090894046324
2021-04-19,-0.0042692150484857075
2021-04-20,-0.005416520502557397
2021-04-21,0.007443561574273494
2021-04-22,-0.007284317379203198
2021-04-23,0.008768620318115216
2021-04-26,0.0014022262779467384
2021-04-27,-0.0001464056457559761
2021-04-28,-0.0006938494242888172
2021-04-29,0.005451947353801024
2021-04-30,-0.005671992636360456
2021-05-03,0.002197820281756668
2021-05-04,-0.005365659804694888
2021-05-05,0.0005875031168957821
2021-05-06,0.006657262048100654
2021-05-07,0.006009966869349725
2021-05-10,-0.008334133210827087
2021-05-11,-0.006929638937528836
2021-05-12,-0.017074108740800942
2021-05-13,0.009873544769240948
2021-05-14,0.011996435863259212
2021-05-17,-0.002002459160204617
2021-05-18,-0.006717064506919833
2021-05-19,-0.002265486685165474
2021-05-20,0.008514839345720181
2021-05-21,-0.0005750361539585192
2021-05-24,0.00798518260453579
2021-05-25,-0.0016902845295421521
2021-05-26,0.001510371065608906
2021-05-27,0.0010229782692531605
2021-05-28,0.0007130126811514812
2021-06-01,-0.0005412727520581218
2021-06-02,0.001462610841264194
2021-06-03,-0.003849484054870369
2021-06-04,0.007225316830285053
2021-06-07,-0.00034540553012845683
2021-06-08,-6.446222997009564e-05
2021-06-09,-0.0014386822454216062
2021-06-10,0.003732027697975243
2021-06-11,0.0007157329737728991
2021-06-14,0.0010990386030696514
2021-06-15,-0.0017027660960019274
2021-06-16,-0.005049311849570558
2021-06-17,-0.0023734933607765297
2021-06-18,-0.009937111460119009
2021-06-21,0.011094267620251402
2021-06-22,0.003476463010053141
2021-06-23,-0.0008386398487341929
2021-06-24,0.004305106062444166
2021-06-25,0.0026750383148150233
2021-06-28,0.0016692446690801475
2021-06-29,-0.00043361685351401695
2021-06-30,0.0013161713474158041
2021-07-01,0.004251531397140218
2021-07-02,0.006079199923504529
2021-07-06,-0.001604358470706202
2021-07-07,0.002686592603578452
2021-07-08,-0.006671797033962334
2021-07-09,0.009032431804902484
2021-07-12,0.0027579626860748103
2021-07-13,-0.00281223318659215
2021-07-14,0.0010054217798585727
2021-07-15,-0.0025727017193515667
2021-07-16,-0.006032769664555048
2021-07-19,-0.012704633682795298
2021-07-20,0.01215109306143548
2021-07-21,0.0065926097190960875
2021-07-22,0.0016932158885989532
2021-07-23,0.008129531426988655
2021-07-26,0.0019349521113437014
2021-07-27,-0.003790039077560425
2021-07-28,-0.00014562176699420854
2021-07-29,0.0034795655927000735
2021-07-30,-0.004285898430735268
2021-08-02,-0.0009955460830038192
2021-08-03,0.0059938858890458075
2021-08-04,-0.003401641269254275
2021-08-05,0.0038269757681596624
2021-08-06,-0.0009287308993501219
2021-08-09,-0.0020312230928056503
2021-08-10,0.0005474061110971281
2021-08-11,0.002867360570388435
2021-08-12,0.0022694214244981356
2021-08-13,0.002746238962159814
2021-08-16,0.00247311131262997
2021-08-17,-0.005285293271122214
2021-08-18,-0.007744473986409447
2021-08-19,0.0010162828667671614
2021-08-20,0.00594688330917388
2021-08-23,0.007130690256619807
2021-08-24,0.0007947934178497243
2021-08-25,0.0007806008922509285
2021-08-26,-0.004159390877496665
2021-08-27,0.007808425008050118
2021-08-30,0.0030693819604547443
2021-08-31,-0.0009718356000713042
2021-09-01,0.00032212436339402187
2021-09-02,0.0021631177943241373
2021-09-03,0.00022333338087525504
2021-09-07,-0.004169945840750254
2021-09-08,-0.000836085240932895
2021-09-09,-0.002740052014580775
2021-09-10,-0.0062724222977499815
2021-09-13,0.0020167976025439274
2021-09-14,-0.0032417156276311676
2021-09-15,0.005670837555379666
2021-09-16,-0.00293128575003063
2021-09-17,-0.0070876047142289945
2021-09-20,-0.01145446848667797
2021-09-21,-0.00019002228943253976
2021-09-22,0.00682418184727162
2021-09-23,0.007262410472062783
2021-09-24,0.0006808048073352982
2021-09-27,-0.002151070648804718
2021-09-28,-0.01592569458008848
2021-09-29,0.0010355020060880348
2021-09-30,-0.00736583409553663
2021-10-01,0.009332488008171812
2021-10-04,-0.010419920631812348
2021-10-05,0.008424313863455607
2021-10-06,0.003291118614753492
2021-10-07,0.006689304069346705
2021-10-08,-0.0015932760892364813
2021-10-11,-0.005575540734992971
2021-10-12,-0.0017842560984759903
2021-10-13,0.0024967899420699647
2021-10-14,0.013798866194086238
2021-10-15,0.005819906063813121
2021-10-18,0.0026334036026689806
2021-10-19,0.00580523607202189
2021-10-20,0.0029233669143752423
2021-10-21,0.0023659187106629493
2021-10-22,-0.0007623984072312918
2021-10-25,0.0038591371077583876
2021-10-26,0.0014614387650952858
2021-10-27,-0.0038420395512923575
2021-10-28,0.00785081592599355
2021-10-29,0.001660972856509219
2021-11-01,0.001503105236839313
2021-11-02,0.002803454341936665
2021-11-03,0.004920035087421337
2021-11-04,0.003587693052280225
2021-11-05,0.003218826517724872
2021-11-08,0.0007843613666779633
2021-11-09,-0.0026483102430749235
2021-11-10,-0.006090546587061415
2021-11-11,0.0005456566471880986
2021-11-12,0.005761788144156131
2021-11-15,-2.6623045288339194e-06
2021-11-16,0.0029256788581203444
2021-11-17,-0.0017329287789283692
2021-11-18,0.0026884580130429486
2021-11-19,-0.001207547526739223
2021-11-22,-0.0028069406297764766
2021-11-23,0.001140173567366105
2021-11-24,0.001835849224349137
2021-11-26,-0.017835029797883963
2021-11-29,0.01038786933504992
2021-11-30,-0.01488676357237928
2021-12-01,-0.008544575093047476
2021-12-02,0.010457732180999728
2021-12-03,-0.005187533841124194
2021-12-06,0.008101408452461632
2021-12-07,0.015368025029522066
2021-12-08,0.0018663876093997708
2021-12-09,-0.005201779100288555
2021-12-10,0.007586968349714748
2021-12-13,-0.006111086257347744
2021-12-14,-0.006218332349280036
2021-12-15,0.012445457637178126
2021-12-16,-0.005788397132715201
2021-12-17,-0.007540845431467645
2021-12-20,-0.009013864680219487
2021-12-21,0.0130064396229776
2021-12-22,0.008355746905869528
2021-12-23,0.004511182396549019
2021-12-27,0.010776044194768011
2021-12-28,-0.0009528958951954557
2021-12-29,0.00021195854110794138
2021-12-30,-0.0014290830150213809
2021-12-31,-0.0019388649171411614
2022-01-03,0.00167710442866605
2022-01-04,0.00027732307346986675
2022-01-05,-0.014388056957316504
2022-01-06,-0.002179779182537952
2022-01-07,-0.002691014107840843
2022-01-10,-0.0007498281193975223
2022-01-11,0.007928021340935256
2022-01-12,0.0022762058677503172
2022-01-13,-0.009803591876140624
2022-01-14,-0.000621354047629567
2022-01-18,-0.014049206743821128
2022-01-19,-0.004846209809047375
2022-01-20,-0.007640283267642129
2022-01-21,-0.012796496268414254
2022-01-24,0.0023766480256024454
2022-01-25,-0.008391571113665529
2022-01-26,-0.003599286177810635
2022-01-27,-0.004447469410966091
2022-01-28,0.017120434106485193
2022-01-31,0.01383854063576993
2022-02-01,0.005126724196041235
2022-02-02,0.007340428258671651
2022-02-03,-0.0184739719941958
2022-02-04,0.0037771147800620994
2022-02-07,-0.002382651134021723
2022-02-08,0.006369373945787713
2022-02-09,0.011177354956223264
2022-02-10,-0.01398944241447911
2022-02-11,-0.012902580933354382
2022-02-14,-0.002809763412636367
2022-02-15,0.011372222323225458
2022-02-16,0.00134289040006773
2022-02-17,-0.014947071539811698
2022-02-18,-0.005176160845003553
2022-02-22,-0.007497421391215844
2022-02-23,-0.013773951987225502
2022-02-24,0.011032764667796013
2022-02-25,0.016685804873263238
2022-02-28,-0.0008542854141333814
2022-03-01,-0.005526836507101885
2022-03-02,0.007863142862552134
2022-03-03,-0.0018312580601664713
2022-03-04,-0.0022562120892012155
2022-03-07,-0.012572968770116405
2022-03-08,-0.0008979736356517676
2022-03-09,0.009483100944194344
2022-03-10,-0.0016995453814985426
2022-03-11,-0.006787799486942654
2022-03-14,-0.004738394841294379
2022-03-15,0.008308003326307958
2022-03-16,0.011248250677334612
2022-03-17,0.006304834204803928
2022-03-18,0.004656485930645094
2022-03-21,0.0005172808282699941
2022-03-22,0.004671004354539102
2022-03-23,-0.004424117019510179
2022-03-24,0.00747803813764095
2022-03-25,0.0019220026656520768
2022-03-28,0.0017032887277236433
2022-03-29,0.005827469899760748
2022-03-30,-0.002094014421699234
2022-03-31,-0.007326673586895459
2022-04-01,0.0005542337977133458
2022-04-04,0.0032561044194115785
2022-04-05,-0.005026704590814549
2022-04-06,-0.003107890700160024
2022-04-07,0.0019082263553287038
2022-04-08,-0.00035762611250677375
2022-04-11,-0.005353926346360036
2022-04-12,-0.00041939666013747
2022-04-13,0.004453912390523198
2022-04-14,-0.004643953880692035
2022-04-18,0.0002955890139951532
2022-04-19,0.004051132083625831
2022-04-20,0.000395839139884343
2022-04-21,-0.0054938617859289305
2022-04-22,-0.010739302752424556
2022-04-25,0.00025972733134024465
2022-04-26,-0.009758754231079395
2022-04-27,-2.030610466324596e-05
2022-04-28,0.009339689045496181
2022-04-29,-0.012809103001169027
2022-05-02,-0.0017590017828661136
2022-05-03,0.00016274662400937641
2022-05-04,0.0011756551878398267
2022-05-05,-0.0003846852836992079
2022-05-06,0.00016201600821695505
2022-05-09,-0.001549852758646057
2022-05-10,-0.0008480917158405414
2022-05-11,0.0008131414230374187
2022-05-12,-0.0014386215967541788
2022-05-13,-0.0007159306383583789
2022-05-16,0.0008516903277359508
2022-05-17,-0.0006315010669255808
2022-05-18,4.9577060720159325e-05
2022-05-19,0.001662726782904563
2022-05-20,6.622969680306267e-05
2022-05-23,0.00046146551698139285
2022-05-24,0.0006506586407871238
2022-05-25,-0.0005086043461530667
2022-05-26,8.424816157678048e-06
2022-05-27,-0.00014831233653784048
2022-05-31,-0.001090828271950465
2022-06-01,0.00032488455398419137
2022-06-02,0.0008199192949395271
2022-06-03,-0.0007191583668161064
2022-06-06,-0.00011950802046749389
2022-06-07,0.00021811149904551113
2022-06-08,5.4418248518086386e-05
2022-06-09,-5.8963573769081046e-05
2022-06-10,0.0004590566798625093
2022-06-13,-0.00121993628677202
2022-06-14,-0.0005079700240020504
2022-06-15,0.0007532250941382177
2022-06-16,0.0007664094706534139
2022-06-17,-0.0005187406273227983
2022-06-21,1.7107951533248147e-05
2022-06-22,0.00029989194687538224
2022-06-23,-0.0003100342931799818
2022-06-24,-0.0002611320459937707
2022-06-27,-5.942493127502414e-05
2022-06-28,0.00012171041483942298
2022-06-29,6.16490912067633e-05
2022-06-30,-0.00020333604524065766
2022-07-01,-0.00010532875399661397
2022-07-05,-0.0007105595402782327
2022-07-06,-0.0005316443896946594
2022-07-07,1.4930347307321965e-05
2022-07-08,-9.509741053670403e-05
2022-07-11,-7.633304596582982e-05
2022-07-12,-0.00023337261195631345
2022-07-13,0.00015601825488199193
2022-07-14,-0.0003658846512306819
2022-07-15,-0.0001764303266594823
2022-07-18,2.7875054973769545e-05
2022-07-19,7.601088174110291e-05
2022-07-20,-0.00031697246971554836
2022-07-21,0.0007841615318374907
2022-07-22,0.00018522228942918046
2022-07-25,-0.00020044685863094256
2022-07-26,-4.3098451491100596e-05
2022-07-27,0.00033592806138798756
2022-07-28,0.0005082080643415903
2022-07-29,0.00019591215208514267
2022-08-01,7.330502035796858e-05
2022-08-02,0.00010583638517148362
2022-08-03,-0.0001129672735540246
2022-08-04,0.00021514589899174961
2022-08-05,0.00021499979375561783
2022-08-08,0.00010598507197590788
2022-08-09,-0.00011311592780670977
2022-08-10,0.00010598507197590788
2022-08-11,-3.5714285714285714e-06
2022-08-12,0.00021502633896076294
2022-08-15,-0.0001126990879933767
2022-08-16,0.00010556814099616706
2022-08-17,-3.5714285714285714e-06
2022-08-18,0.00043362678212777926
2022-08-19,-3.5714285714285714e-06
2022-08-22,0.00010619581382010555
2022-08-23,-0.00022239462119887722
2022-08-24,0.0003245879127219484
2022-08-25,0.00010548465324878496
2022-08-26,-3.5714285714285714e-06
2022-08-29,-3.5714285714285714e-06
2022-08-30,0.00010566906048826351
2022-08-31,0.0002149838240511701
2022-09-01,0.00020433938661746563
2022-09-02,0.00010590485200923848
2022-09-06,-3.5714285714285714e-06
2022-09-07,0.00010559860940263153
2022-09-08,0.00021533326726775524
2022-09-09,-3.5714285714285714e-06
2022-09-12,-0.00011309787621793045
2022-09-13,0.00021521126686464197
2022-09-14,-3.5714285714285714e-06
2022-09-15,0.0003239915927498802
2022-09-16,-3.5714285714285714e-06
2022-09-19,-3.5714285714285714e-06
2022-09-20,-0.0001125599960431969
2022-09-21,0.00021511561987187154
2022-09-22,0.0004335110400702855
2022-09-23,-3.5714285714285714e-06
2022-09-26,-0.00022201718408220518
2022-09-27,0.0003242667772972516
2022-09-28,0.00010563951015297367
2022-09-29,0.00021482659742389697
2022-09-30,-3.5714285714285714e-06
2022-10-03,-0.000277145799137394
2022-10-04,0.00032492518230132415
2022-10-05,-3.5714285714285714e-06
2022-10-06,0.00021486484771172297
2022-10-07,-3.5714285714285714e-06
2022-10-10,0.00010567180167642885
2022-10-11,-3.5714285714285714e-06
2022-10-12,-3.5714285714285714e-06
2022-10-13,0.00032431821884649413
2022-10-14,-3.5714285714285714e-06
2022-10-17,-3.5714285714285714e-06
2022-10-18,-3.5714285714285714e-06
2022-10-19,-3.5714285714285714e-06
2022-10-20,0.000433504081286292
2022-10-21,0.00010577196435413637
2022-10-24,-0.00011290286682651775
2022-10-25,-3.5714285714285714e-06
2022-10-26,0.00021511535727947927
2022-10-27,0.00032389812355593993
2022-10-28,-0.0001125618798348751
2022-10-31,-3.5714285714285714e-06
2022-11-01,8.382595648715661e-05
2022-11-02,0.0003247755083347701
2022-11-03,0.0003244722933929487
2022-11-04,0.00021534572960047658
2022-11-07,-0.00011276188583330483
2022-11-08,0.00010563095254834874
2022-11-09,0.0005426738553872066
2022-11-10,0.00010614509185703146
2022-11-11,-0.00011327591260556293
2022-11-14,-3.5714285714285714e-06
2022-11-15,0.00021498309922141832
2022-11-16,0.00010602352682054982
2022-11-17,0.0003242016029972947
2022-11-18,-3.5714285714285714e-06
2022-11-21,0.00010548786768972061
2022-11-22,0.0002150110683253401
2022-11-23,0.00021447571739530911
2022-11-25,-3.5714285714285714e-06
2022-11-28,0.00010542837731531617
2022-11-29,0.0003241722279266965
2022-11-30,-3.5714285714285714e-06
2022-12-01,0.00024488043771215314
2022-12-02,-8.503336135060442e-05
2022-12-05,-0.0024115931624508224
2022-12-06,-0.0015932503150986282
2022-12-07,-0.00017057116097034892
2022-12-08,0.001579049514176459
2022-12-09,-0.0010317644604878992
2022-12-12,0.0019064895139034737
2022-12-13,0.0011061438223897318
2022-12-14,-0.0005149090957962713
2022-12-15,-0.0032307413566071207
2022-12-16,-0.0013903507465131515
2022-12-19,-0.0011027865402369074
2022-12-20,0.0003706455033872783
2022-12-21,0.0020577094330079255
2022-12-22,-0.0014462447299832233
2022-12-23,0.0007997101183925462
2022-12-27,-0.0004566268791602669
2022-12-28,-0.0013437453019456177
2022-12-29,0.0027413121486397746
2022-12-30,-0.0003861978136465536
2023-01-03,-0.0004985015595962992
2023-01-04,0.0022879549101166956
2023-01-05,-0.0032672965597957526
2023-01-06,0.006570699213985608
2023-01-09,0.00011746351275734756
2023-01-10,0.0018489300257248254
2023-01-11,0.0031805996705530793
2023-01-12,0.0019945228133064863
2023-01-13,0.0016820611770037674
2023-01-17,-0.0008373692984424819
2023-01-18,-0.003960803287317145
2023-01-19,-0.0007819597710908633
2023-01-20,0.004641497830091965
2023-01-23,0.0030623625522837473
2023-01-24,8.222274588623902e-05
2023-01-25,0.00026069640069108387
2023-01-26,0.0026960458815441
2023-01-27,0.0006317991400469225
2023-01-30,-0.003350065308878792
2023-01-31,0.003920955302889716
2023-02-01,0.005620793911210764
2023-02-02,0.0029955352190189372
2023-02-03,-0.007127541508764963
2023-02-06,-0.003427168250473865
2023-02-07,0.0034955826567242875
2023-02-08,-0.0023893302949896432
2023-02-09,-0.004015784303131396
2023-02-10,-9.176503279119284e-05
2023-02-13,0.0037042774793874353
2023-02-14,-0.0009346743660347659
2023-02-15,-0.00036863154667805614
2023-02-16,-0.004664751420856064
2023-02-17,6.927108770845494e-05
2023-02-21,-0.008596990135989897
2023-02-22,-0.0003892338634240393
2023-02-23,0.00253200862505886
2023-02-24,-0.004923542772995269
2023-02-27,0.0019332559472505406
2023-02-28,-0.00017720125956290116
2023-03-01,-0.0019470916563679695
2023-03-02,0.0039352777311743685
2023-03-03,0.008746686275700254
2023-03-06,0.0001107983266830214
2023-03-07,-0.008586899193541317
2023-03-08,0.0008102385265736959
2023-03-09,-0.00837704258105741
2023-03-10,-0.0057675022029693495
2023-03-13,0.0006994095547317751
2023-03-14,0.00797414554066906
2023-03-15,-0.002737428621741085
2023-03-16,0.009067755936048793
2023-03-17,-0.003643239741536297
2023-03-20,0.004482646694855332
2023-03-21,0.005352384311504352
2023-03-22,-0.007015029350206671
2023-03-23,0.002441994977495944
2023-03-24,0.002229818165331351
2023-03-27,0.0002233987412484265
2023-03-28,-0.00019388556151808174
2023-03-29,0.006748004164475547
2023-03-30,0.0035155977149653943
2023-03-31,0.006752733350781824
2023-04-03,0.0036603580168533658
2023-04-04,-0.00043025949406639495
2023-04-05,-0.000711982130278355
2023-04-06,0.0015586567449559347
2023-04-10,-0.0016910411776187683
2023-04-11,0.000559233064309535
2023-04-12,-0.0014175119599405947
2023-04-13,0.008740353042438278
2023-04-14,-0.0037594301276649765
2023-04-17,0.0005177200602067157
2023-04-18,0.0011587618427487492
2023-04-19,-0.0008501352260374518
2023-04-20,-0.0019784823539440817
2023-04-21,-0.0008561290134289552
2023-04-24,0.0015867135722645565
2023-04-25,-0.007143233361785723
2023-04-26,-0.003366616062223737
2023-04-27,0.010449691533867678
2023-04-28,0.006085251406248397
2023-05-01,-0.002468189219358407
2023-05-02,-0.0035633921219564895
2023-05-03,-0.002642885469482098
2023-05-04,-0.0038551382382339184
2023-05-05,0.009535461307079397
2023-05-08,-0.0004894459206596213
2023-05-09,-0.0023575955345302327
2023-05-10,0.003887805826029415
2023-05-11,-0.0011835206755165563
2023-05-12,-0.00192426882889919
2023-05-15,0.0018759549572823747
2023-05-16,-0.005809071096833138
2023-05-17,0.006943711025237061
2023-05-18,0.004003551333797623
2023-05-19,-0.0004932303809812495
2023-05-22,-0.00032922897812438334
2023-05-23,-0.006823783081652742
2023-05-24,-0.0058795490993961965
2023-05-25,0.003802765217421546
2023-05-26,0.009119269946843672
2023-05-30,0.001863336775629684
2023-05-31,-0.0030408757674374493
2023-06-01,0.007707337973183612
2023-06-02,0.006700201168652443
2023-06-05,-0.0007211782306849023
2023-06-06,0.0017505825591686297
2023-06-07,-0.004717769115297741
2023-06-08,0.00643533534793432
2023-06-09,-4.648646955929913e-05
2023-06-12,0.00615240638936473
2023-06-13,0.002687345473308046
2023-06-14,0.0009564338219989922
2023-06-15,0.009846591945470454
2023-06-16,-0.003139378149107082
2023-06-20,-0.0035981215488596206
2023-06-21,-0.0033308132179113324
2023-06-22,0.0006385089082426913
2023-06-23,-0.004000141095432363
2023-06-26,-0.0023108077198083785
2023-06-27,0.006385775202923454
2023-06-28,0.00015792267302010296
2023-06-29,0.0013244021094663333
2023-06-30,0.008923683746076149
2023-07-03,0.0006340422243868961
2023-07-05,-0.002019283459750444
2023-07-06,-0.00647540345233937
2023-07-07,-0.0013227010697512004
2023-07-10,0.002235418726436765
2023-07-11,0.0053172364283563525
2023-07-12,0.007343873089283517
2023-07-13,0.006882505158096428
2023-07-14,-0.0013960086661871283
2023-07-17,0.0029457737083712064
2023-07-18,0.0061830373481902776
2023-07-19,0.002005285063248012
2023-07-20,-0.0057808869602982834
2023-07-21,1.5796913338951686e-05
2023-07-24,0.0022887029165154188
2023-07-25,0.0023713581102363292
2023-07-26,0.0006447345934061959
2023-07-27,-0.006788551541959208
2023-07-28,0.0080780518953744
2023-07-31,0.0014233429236676998
2023-08-01,-0.0031400802136356816
2023-08-02,-0.010242012732183841
2023-08-03,-0.0020898243249289064
2023-08-04,-0.002733865332678053
2023-08-07,0.005983817181483486
2023-08-08,-0.003297358010632488
2023-08-09,-0.00529650983038563
2023-08-10,-0.00014522476794562807
2023-08-11,-0.0008987380100195057
2023-08-14,0.0036986190340250525
2023-08-15,-0.008324981605746273
2023-08-16,-0.005916301112163967
2023-08-17,-0.005417913831142711
2023-08-18,0.0001241537900639528
2023-08-21,0.004807152376448948
2023-08-22,-0.001733319899827323
2023-08-23,0.009335240471081542
2023-08-24,-0.009563037410899504
2023-08-25,0.004671661598459481
2023-08-28,0.004850957130707223
2023-08-29,0.011492242863288376
2023-08-30,0.0030758450977838195
2023-08-31,-0.0009260740452012522
2023-09-01,0.0012114499302540865
2023-09-05,-0.003755920000873931
2023-09-06,-0.005482927772471678
2023-09-07,-0.001979958232833711
2023-09-08,0.001144639914075655
2023-09-11,0.004996170317572542
2023-09-12,-0.004393109807740528
2023-09-13,0.0008182420133606669
2023-09-14,0.006400005655307347
2023-09-15,-0.008515859012958015
2023-09-18,0.0009814045602222399
2023-09-19,-0.001746707915948294
2023-09-20,-0.00680058534726651
2023-09-21,-0.012645265271748724
2023-09-22,-0.0013125424322851017
2023-09-25,0.0023883400151383646
2023-09-26,-0.011285567174923676
2023-09-27,-0.0007378127724389429
2023-09-28,0.004229284132268829
2023-09-29,-0.0026238195372274816
2023-10-02,-0.00016901910840002413
2023-10-03,-0.010620846492568196
2023-10-04,0.006304840195708532
2023-10-05,-0.0007870040315230512
2023-10-06,0.009409636868014161
2023-10-09,0.005364901238603683
2023-10-10,0.004008003661219922
2023-10-11,0.0035892396693592856
2023-10-12,-0.004748152484992823
2023-10-13,-0.003041344648858474
2023-10-16,0.008133109213999469
2023-10-17,-1.1485518483326649e-05
2023-10-18,-0.010002640097458755
2023-10-19,-0.006116345791698243
2023-10-20,-0.009618802660435804
2023-10-23,-0.0013693501868159328
2023-10-24,0.005664311708802737
2023-10-25,-0.010983775443287318
2023-10-26,-0.009033192492210438
2023-10-27,-0.003351042406816862
2023-10-30,0.009256465452920427
2023-10-31,0.0049331501566367555
2023-11-01,0.004203162553790177
2023-11-02,0.00828402208933319
2023-11-03,0.00428629313710371
2023-11-06,7.42582412913196e-05
2023-11-07,0.0009064087690138586
2023-11-08,-0.0004261728778331987
2023-11-09,-0.002627301732954891
2023-11-10,0.005567410307096328
2023-11-13,0.00024240090430389854
2023-11-14,0.008837943934300265
2023-11-15,0.0005998191929341735
2023-11-16,0.0018389737758546228
2023-11-17,0.0006338967465513465
2023-11-20,0.0029436882945188207
2023-11-21,0.0003241100854809261
2023-11-22,0.0015223620237042814
2023-11-24,0.0007840779117872122
2023-11-27,-0.00013130414553904122
2023-11-28,0.0017339767547117622
2023-11-29,-0.00013233955374060617
2023-11-30,0.0015191694733367683
2023-12-01,0.005164782772168597
2023-12-04,-0.005174170856297641
2023-12-05,-0.0005895830144539726
2023-12-06,-0.0019191059439383391
2023-12-07,0.005086254292509559
2023-12-08,0.0012757457111962538
2023-12-11,0.0013742820528346192
2023-12-12,0.0026866452308325034
2023-12-13,0.010169652894592462
2023-12-14,0.002373066187265257
2023-12-15,-0.0007503534191582319
2023-12-18,0.00313269387472851
2023-12-19,0.004132563460805502
2023-12-20,-0.009030696696837483
2023-12-21,0.006936993299460601
2023-12-22,0.0014197372352639152
2023-12-26,0.0032672753194529255
2023-12-27,0.0013057967741981567
2023-12-28,-4.184823927732228e-05
2023-12-29,-0.001784966880643427
2024-01-02,-0.004632055414739822
2024-01-03,-0.006108520549296242
2024-01-04,-0.002921097783284456
2024-01-05,0.0008887101922863992
2024-01-08,0.00969279035259711
2024-01-09,-0.000959327441528475
2024-01-10,0.0036479671880011405
2024-01-11,0.000397784449217774
2024-01-12,0.0018222491437946367
2024-01-16,-0.004441289334820219
2024-01-17,-0.005336675156446029
2024-01-18,0.00682619456007403
2024-01-19,0.0090564742023468
2024-01-22,0.0015705929023914114
2024-01-23,0.002155612159675246
2024-01-24,-0.0004986572440162406
2024-01-25,0.004678422295654113
2024-01-26,-0.0007260397801391726
2024-01-29,0.006719062052346676
2024-01-30,-7.593480473296917e-05
2024-01-31,-0.01047206422825266
2024-02-01,0.010639009176747054
2024-02-02,0.005569202464541615
2024-02-05,-0.0038540883580833953
2024-02-06,0.002732565182235793
2024-02-07,0.005763260482081464
2024-02-08,9.148388949849963e-05
2024-02-09,0.0037392543017209876
2024-02-12,-0.0007473317381805536
2024-02-13,-0.012147970282378016
2024-02-14,0.0074899406132786115
2024-02-15,0.005255675565044025
2024-02-16,-0.003585005808084521
2024-02-20,-0.003667212524129516
2024-02-21,0.000587256578156096
2024-02-22,0.01544040781598123
2024-02-23,0.0012347464725102086
2024-02-26,-0.003061123829371903
2024-02-27,0.0009237384752696699
2024-02-28,-0.0005683311254617756
2024-02-29,0.004604092604288577
2024-03-01,0.007623918520527256
2024-03-04,0.0004214917944122778
2024-03-05,-0.0064803965875891625
2024-03-06,0.0045737945155007054
2024-03-07,0.008105860218261103
2024-03-08,-0.00387272726388874
2024-03-11,-0.0006982923462596591
2024-03-12,0.0069814590935727274
2024-03-13,-0.0008782484995363461
2024-03-14,-0.0025362856450347883
2024-03-15,-0.0049430409576960935
2024-03-18,0.004624848221832117
2024-03-19,0.004127743500377222
2024-03-20,0.0076008271485395
2024-03-21,0.0023019099735518567
2024-03-22,-0.0013785799374986445
2024-03-25,-0.0020252211029428667
2024-03-26,-0.0016475764523078257
2024-03-27,0.0071618893170871546
2024-03-28,0.001847453832563716
2024-04-01,-0.001265816188782205
2024-04-02,-0.003765110456829729
2024-04-03,0.0017898831312290354
2024-04-04,-0.008736512333961584
2024-04-05,0.008841669337832007
2024-04-08,0.00015616777220683236
2024-04-09,0.002069028710539027
2024-04-10,-0.008862848775345829
2024-04-11,0.007061503839521914
2024-04-12,-0.0110062156976037
2024-04-15,-0.007153607433800152
2024-04-16,-0.0017002603202308573
2024-04-17,-0.004140348036663495
2024-04-18,-0.0014554182523231437
2024-04-19,-0.005644493271433931
2024-04-22,0.0036723437037145578
2024-04-23,0.008283679858720664
2024-04-24,-0.00034055570883506186
2024-04-25,-0.0029235303632039362
2024-04-26,0.0077540578947704435
2024-04-29,0.0024818684485429497
2024-04-30,-0.013439151452452176
2024-05-01,-0.0014564218164224852
2024-05-02,0.006199625435346454
2024-05-03,0.008764979923927071
2024-05-06,0.008297419306395644
2024-05-07,0.0005370323359588058
2024-05-08,-0.00025539237262918517
2024-05-09,0.005385043953575017
2024-05-10,0.0020737800537364145
2024-05-13,-0.0012374401696058448
2024-05-14,0.004357093836858824
2024-05-15,0.009636597625988048
2024-05-16,-0.0016174068538492713
2024-05-17,0.002514676362614684
2024-05-20,0.0011448903187922766
2024-05-21,0.0016420423421826223
2024-05-22,-0.0036811487297195556
2024-05-23,-0.007005876420934923
2024-05-24,0.005029828640666786
2024-05-28,0.0012027817862302747
2024-05-29,-0.006037627669516157
2024-05-30,-0.0038797897852347247
2024-05-31,0.0051402466161643975
2024-06-03,0.0024251086741883076
2024-06-04,0.0007595833691969301
2024-06-05,0.009860421745920682
2024-06-06,0.0005745217867143595
2024-06-07,-0.005233743723787472
2024-06-10,0.0025869883538282164
2024-06-11,0.0027258825440706945
2024-06-12,0.006811952002867132
2024-06-13,0.0015052910883437453
2024-06-14,0.0014780414118241538
2024-06-17,0.0044765182181302696
2024-06-18,0.002642242736166227
2024-06-20,-0.0007488539919817305
2024-06-21,-0.002554700559783658
2024-06-24,-0.0015996920162539463
2024-06-25,0.0023390553285069942
2024-06-26,-0.00041473316732448383
2024-06-27,0.0020198432393495436
2024-06-28,-0.0032637937427690226
2024-07-01,0.0011837299213846681
2024-07-02,0.004843844637183913
2024-07-03,0.005615040002038814
2024-07-05,0.006034029172676361
2024-07-08,-0.00045157591241518134
2024-07-09,0.0005189385632186736
2024-07-10,0.007735784125856686
2024-07-11,-0.0034798091502228896
2024-07-12,0.004107879421347771
2024-07-15,0.0019629204573113086
2024-07-16,0.007055110225939003
2024-07-17,-0.01007393008253437
2024-07-18,-0.006479437675601966
2024-07-19,-0.007151218724405743
2024-07-22,0.007501133710150176
2024-07-23,-0.0006425210721816161
2024-07-24,-0.016821930496798095
2024-07-25,-0.0048631931184971436
2024-07-26,0.009533295132202474
2024-07-29,0.0006606046473014435
2024-07-30,-0.002185403283443154
2024-07-31,0.013911679186697274
2024-08-01,-0.00904989899871382
2024-08-02,-0.009953013873668802
2024-08-05,-0.022015474187844483
2024-08-06,0.004675327467907531
2024-08-07,-0.006183474405923515
2024-08-08,0.017100754520138803
2024-08-09,0.004408445677286789
2024-08-12,0.0023967021129972857
2024-08-13,0.012531707914798896
2024-08-14,0.0021469224900099956
2024-08-15,0.01055888812269229
2024-08-16,0.004120423152656984
2024-08-19,0.006982508673648647
2024-08-20,-0.00020079229217114664
2024-08-21,0.0032727316542632626
2024-08-22,-0.008360231965914277
2024-08-23,0.010125039129966575
2024-08-26,-0.0021208234890073493
2024-08-27,0.0013590446708700145
2024-08-28,-0.0049876732161290155
2024-08-29,0.00017550335274204708
2024-08-30,0.005750548348544972
2024-09-03,-0.013955108452871264
2024-09-04,3.9354690491892324e-05
2024-09-05,-0.0008238310825008108
2024-09-06,-0.012467877762019087
2024-09-09,0.008859377585758636
2024-09-10,0.004375400833928689
2024-09-11,0.00718213642670106
2024-09-12,0.006717032688058554
2024-09-13,0.0052559893798108225
2024-09-16,0.0014962503376246717
2024-09-17,-0.0006853810942722212
2024-09-18,-0.003582059428039119
2024-09-19,0.013330009013646926
2024-09-20,-0.0001323600924847788
2024-09-23,0.0020552780856613623
2024-09-24,0.0033628825688960303
2024-09-25,-0.0021803908384866524
2024-09-26,0.0032447392691673646
2024-09-27,-0.000915739471632319
2024-09-30,0.0017236524379938684
2024-10-01,-0.004732451539360925
2024-10-02,-0.0004134382895007214
2024-10-03,-0.0022672432507978664
2024-10-04,0.004295321715029068
2024-10-07,-0.007768182158099933
2024-10-08,0.006212170371931548
2024-10-09,0.003704610515259255
2024-10-10,-0.0006318270189898932
2024-10-11,0.005393735036835546
2024-10-14,0.004875131574819026
2024-10-15,-0.0038990645279280076
2024-10-16,0.004094431858861837
2024-10-17,-0.0005543436393641175
2024-10-18,0.004108949565371191
2024-10-21,-0.002813906232080741
2024-10-22,0.0005580128075460169
2024-10-23,-0.008092349015952969
2024-10-24,0.002711120568272708
2024-10-25,-0.0004424601759253508
2024-10-28,0.0014027333671099774
2024-10-29,0.0023014066092549206
2024-10-30,-0.0020531932707276474
2024-10-31,-0.014634611678058572
2024-11-01,0.001932536481352303
2024-11-04,-0.001238396764443934
2024-11-05,0.008870049561085974
2024-11-06,0.013661711168846374
2024-11-07,0.007639122061899077
2024-11-08,0.002367636777036302
2024-11-11,-0.0019577152512019816
2024-11-12,-0.003465872589212255
2024-11-13,-0.000859402749973588
2024-11-14,-0.004426006710902237
2024-11-15,-0.00925300305579669
2024-11-18,0.004986001394038691
2024-11-19,0.003923739887282367
2024-11-20,0.0004598284200638282
2024-11-21,0.004633994091488606
2024-11-22,0.003841433222213801
2024-11-25,0.0002602614440899195
2024-11-26,0.004034013898838877
2024-11-27,-0.0019635497092731556
2024-11-29,0.0052985312929184885
2024-12-02,0.0009379937392181834
2024-12-03,0.0002663943436960681
2024-12-04,0.004942527176172544
2024-12-05,-0.002007467813265047
2024-12-06,0.002220683478762946
2024-12-09,-0.003548710386891169
2024-12-10,-0.0009031026659307172
2024-12-11,0.006392838816352802
2024-12-12,-0.005617746368422177
2024-12-13,-0.001576469031544099
2024-12-16,0.0030356315677553527
2024-12-17,-0.003065597457490716
2024-12-18,-0.02332522528775882
2024-12-19,-0.0009030084359884349
2024-12-20,0.009096174233048452
2024-12-23,0.004227874174529827
2024-12-24,0.008002368666446283
2024-12-26,0.0005431219613283125
2024-12-27,-0.008584266187785199
2024-12-30,-0.007221020149733343
2024-12-31,-0.0024772916533839233
2025-01-02,-0.00010908704298905515
2025-01-03,0.007990517461968494
2025-01-06,0.0037548976167794236
2025-01-07,-0.007478553564043397
2025-01-08,0.001782945792670082
2025-01-10,-0.010139530344181184
2025-01-13,3.8354373453246855e-06
2025-01-14,0.0013784259352819554
2025-01-15,0.01435161530911307
2025-01-16,-0.0006178143937649056
2025-01-17,0.006598445386407431
2025-01-21,0.007925678285512496
2025-01-22,0.004676351997549323
2025-01-23,0.0034140635209602773
2025-01-24,-0.0011169647862201851
2025-01-27,-0.010795977236487113
2025-01-28,0.00732370068295203
2025-01-29,-0.003721951322784491
2025-01-30,0.005374146865767132
2025-01-31,-0.0033566432574114935
2025-02-03,-0.004666421924196185
2025-02-04,0.006209688050415227
2025-02-05,0.003763136981420917
2025-02-06,0.002234438304422927
2025-02-07,-0.006594131317238848
2025-02-10,0.006492669916919963
2025-02-11,-0.0002698333638295395
2025-02-12,-0.002173928865222594
2025-02-13,0.008817765543291006
2025-02-14,-0.0010527572490522552
2025-02-18,0.003144224609370015
2025-02-19,0.0018517117822726154
2025-02-20,-0.002725397068537147
2025-02-21,-0.011576809604467577
2025-02-24,-0.002755632845626896
2025-02-25,-0.004059619238764542
2025-02-26,0.00047294461572413763
2025-02-27,-0.01268786327842754
2025-02-28,0.010952229734709247
2025-03-03,-0.010325045138687507
2025-03-04,-0.00820157531268928
2025-03-05,0.00710714347654447
2025-03-06,-0.013048325963725318
2025-03-07,0.003822145567619771
2025-03-10,-0.018465138774147332
2025-03-11,-0.004712099512682781
2025-03-12,0.0033790199718584904
2025-03-13,-0.007214730407464461
2025-03-14,0.01449490195656201
2025-03-17,0.005228815767905239
2025-03-18,-0.0060732596601159525
2025-03-19,0.008486572848145604
2025-03-20,-0.0013210194030665381
2025-03-21,-0.00034041365997356475
2025-03-24,0.010944859034997487
2025-03-25,0.0018534702052772289
2025-03-26,-0.008278467762687406
2025-03-27,-0.001107801055300844
2025-03-28,-0.011701438903398647
2025-03-31,0.005874455240500753
2025-04-01,0.0028113124635864724
2025-04-02,0.0025832334906174623
2025-04-03,-0.01612862525519391
2025-04-04,-0.02551045943669863
2025-04-07,-0.007969699442923145
2025-04-08,-0.00791203520435334
2025-04-09,0.04126104084568131
2025-04-10,-0.014168009297179164
2025-04-11,0.0070297007426297665
2025-04-14,0.005957030862833626
2025-04-15,0.0010875799049930935
2025-04-16,-0.0041032435095259
2025-04-17,-0.0010238268618157206
2025-04-21,-0.00869763186893738
2025-04-22,0.009148056293741031
2025-04-23,0.004862762649290907
2025-04-24,0.011939718638371163
2025-04-25,0.003515282430425688
2025-04-28,0.0033340318056812707
2025-04-29,0.002807638048136103
2025-04-30,0.0005348038155302758
2025-05-01,-0.0041569598286551965
2025-05-02,-0.002447262610015795
2025-05-05,0.0010715010915064308
2025-05-06,0.003587279628959164
2025-05-07,0.000725894027711881
2025-05-08,-0.006352799811370242
2025-05-09,0.0011855522510086874
2025-05-12,-0.0031627438951145614
2025-05-13,0.0008109547262866067
2025-05-14,-0.004422643841821075
2025-05-15,0.0063835035223278325
2025-05-16,-0.00011530898440586311
2025-05-19,0.0010549237962633427
2025-05-20,0.0006016235992699545
2025-05-21,-0.005655098890056772
2025-05-22,0.0015407322859940936
2025-05-23,0.0033521528165501
2025-05-27,0.003411917963634683
2025-05-28,-0.0026681026274586175
2025-05-29,0.003782861570750962
2025-05-30,0.0013195889884972695
2025-06-02,0.003411187635182981
2025-06-03,0.0009971826584658672
2025-06-04,0.002366132350382813
2025-06-05,-0.0029707193923619226
2025-06-06,0.0005758541558896963
2025-06-09,0.0013071912589047744
2025-06-10,0.0023831684028182143
2025-06-11,0.0005345400607911489
2025-06-12,0.0036124619523432923
2025-06-13,-0.003295925718334462
2025-06-16,0.0012594080172208513
2025-06-17,-0.0016730997529595824
2025-06-18,-0.00042257636697715204
2025-06-20,-0.0005724609585608999
2025-06-23,0.004541165337170826
2025-06-24,0.003121600709720751
2025-06-25,0.0004334949604094509
2025-06-26,0.0035497759115802976
2025-06-27,-0.00042249007858187037
2025-06-30,0.00398043591983723
2025-07-01,-0.00018040410492606635
2025-07-02,0.003544417264930632
2025-07-03,0.004702926607669912
2025-07-07,-0.005941987145535334
2025-07-08,-0.0017908077650655733
2025-07-09,0.005566293855235528
2025-07-10,0.0021605288523997776
2025-07-11,-0.002116680903799774
2025-07-14,0.0005519618897197008
2025-07-15,-0.0037726169224624995
2025-07-16,0.0032008347223470113
2025-07-17,0.003496858654344595
2025-07-18,0.0007125184058850605
2025-07-21,0.003120627931538521
2025-07-22,0.0018861694734713576
2025-07-23,0.0036418826857650658
2025-07-24,-0.0003663115213811403
2025-07-25,0.0022906575727919937
2025-07-28,-0.0008920503208458213
2025-07-29,-0.000698726739573157
2025-07-30,-0.003174533587418613
2025-07-31,-0.0017246081967369111
2025-08-01,-0.007389236150644076
2025-08-04,0.011132463958368784
2025-08-05,-0.003421818993674488
2025-08-06,0.004790274928123836
2025-08-07,0.0001831411334289742
2025-08-08,0.0051708695363924554
2025-08-11,-0.0030704359984040338
2025-08-12,0.00784405218545113
2025-08-13,0.0031268363101397776
2025-08-14,-0.0008791418214532858
2025-08-15,-0.0020908544261576205
2025-08-18,-0.0003172970334783502
2025-08-19,-0.0042024200257275955
2025-08-20,-0.00044348243938640273
2025-08-21,-0.0035016221821835974
2025-08-22,0.01257996559941412
2025-08-25,-0.003508163854167159
2025-08-26,0.004060034290239121
2025-08-27,0.002162078087759231
2025-08-28,0.003315654200591231
2025-08-29,-0.0035569097543740294
2025-09-02,-0.0029415318196304137
2025-09-03,0.005054699261454066
2025-09-04,0.006358041378253
2025-09-05,0.00018906798693582192
2025-09-08,0.003268672521325779
2025-09-09,0.0011999095366208147
2025-09-10,0.0030022535357855274
2025-09-11,0.006103542278470276
2025-09-12,-0.0006908497202301342
2025-09-15,0.00482053875169758
2025-09-16,-0.0005548856728552862
2025-09-17,-0.0018738804840548115
2025-09-18,0.00230033859053992
2025-09-19,0.004397436566632952
2025-09-22,0.004541192492436753
2025-09-23,-0.002885864623444232
2025-09-24,-0.0034345584295444416
2025-09-25,-0.003520077549507348
2025-09-26,0.004621510828750343
2025-09-29,0.004080270371160645
2025-09-30,0.0037024164629396407
2025-10-01,0.0032443749754351393
2025-10-02,0.0002970017108478453
2025-10-03,0.0005259514855166083
2025-10-06,0.0039053269015321256
2025-10-07,-0.0016502895348310823
2025-10-08,0.005767386025044797
2025-10-09,-0.003897774583190304
2025-10-10,-0.01663449369451671
2025-10-13,0.013449469606755849
2025-10-14,0.0001431178811265102
2025-10-15,0.0043762420863231585
2025-10-16,-0.001140958280782943
2025-10-17,0.0014915158855484901
2025-10-20,0.01138432866371596
2025-10-21,-0.00603477843085519
2025-10-22,-0.0036760269223058955
2025-10-23,0.0038319412558154207
2025-10-24,0.005410158296255353
2025-10-27,0.005820464391254888
2025-10-28,0.0010703785596448035
2025-10-29,-0.001698433112003349
2025-10-30,-0.00525623902157599
2025-10-31,0.001420752830005435
2025-11-03,0.0013294559282165507
2025-11-04,-0.009713723894955749
2025-11-05,0.002762777479863566
2025-11-06,-0.006922819406236413
2025-11-07,0.0016477146952526569
2025-11-10,0.013333006841546315
2025-11-11,0.0024657692459816873
2025-11-12,0.002119458041028412
2025-11-13,-0.012957505368386123
2025-11-14,-0.0023421231616049688
2025-11-17,-0.00726617712198938
2025-11-18,-0.00467271350892656
2025-11-19,0.002666526071292642
2025-11-20,-0.01035446037104487
2025-11-21,0.007433172429138581
2025-11-24,0.012727280107094886
2025-11-25,0.0068672951032323635
2025-11-26,0.005807901896877932
2025-11-28,0.00466593674179633
2025-12-01,-0.004236149475048943
2025-12-02,0.0012598298425583587
2025-12-03,0.002427284662357644
2025-12-04,0.00024720957113729807
2025-12-05,0.0008683086798250485
2025-12-08,-0.0030563759999963176
2025-12-09,-0.00038596129686200155
2025-12-10,0.0058161728307374655
2025-12-11,0.0025586682780546115
2025-12-12,-0.0074048881585242225
2025-12-15,-0.0007448035935205808
2025-12-16,-0.0010607689050011733
2025-12-17,-0.007285424784693226
2025-12-18,0.005896916474807735
2025-12-19,0.0058495336243565305
2025-12-22,0.0066458229955769785
2025-12-23,0.004427280930985334
2025-12-24,0.0023612646589395783
2025-12-26,0.0012058711189000383
2025-12-29,-0.006487511061499461
2025-12-30,-0.0010982614271337384
2025-12-31,-0.006408667336566419
2026-01-02,0.0018170375882075387
2026-01-05,0.0076824033939490236
2026-01-06,0.00532298456255499
2026-01-07,-0.002988265408739775
2026-01-08,2.7954379176477716e-06
2026-01-09,0.00551271520168143
2026-01-12,0.0027839718485046195
2026-01-13,-0.0012394199304613593
2026-01-14,-0.002283860054390317
2026-01-15,0.0007943668353294752
2026-01-16,-0.0016528228063151338
2026-01-20,-0.011426335013556874
2026-01-21,0.01010198167794373
2026-01-22,0.005676033095500479
2026-01-23,0.001997932400109538
2026-01-26,0.005256524654635587
2026-01-27,0.005080806152439856
2026-01-28,0.003657296697989
2026-01-29,-0.0004178190375530675
2026-01-30,-0.01336692921219098
2026-02-02,-0.00045289392139284267
2026-02-03,0.0006045032299327826
2026-02-04,-0.0036326467849518203
2026-02-05,-0.010453563730958673
2026-02-06,0.01690850901513691
2026-02-09,0.005915235040463829
2026-02-10,-0.0026762517262130083
2026-02-11,0.0007558895512793796
2026-02-12,-0.013562450298670613
2026-02-13,0.0034904437946041253
2026-02-17,-0.0023111671152957576
2026-02-18,0.005902398822164515
2026-02-19,-0.0014786014074116395
2026-02-20,0.006871614678148156
2026-02-23,-0.004068963455094642
2026-02-24,0.0039980227886559664
2026-02-25,0.0053609330836700535
2026-02-26,-0.0025331844689196062
2026-02-27,-0.0011133830025679618
2026-03-02,0.0004251872164709248
2026-03-03,-0.011273631552594253
2026-03-04,0.005806860113484515
2026-03-05,-0.0057513366466155555
2026-03-06,-0.007739637088171866
2026-03-09,0.0062936054622010915
2026-03-10,-0.0009331945881334892
2026-03-11,-0.001815652322610127
2026-03-12,-0.01324395442446322
2026-03-13,-0.005653793573662467
2026-03-16,0.007971620196695174
2026-03-17,0.0018717475826640197
2026-03-18,-0.013603303090182393
2026-03-19,-0.006028151948327075
2026-03-20,-0.015433485821360214
2026-03-23,0.006430530945489877
2026-03-24,-0.0032659744254616694
2026-03-25,0.007881426523650304
2026-03-26,-0.0175584545236221
2026-03-27,-0.008156957663726682
2026-03-30,-0.0013713664571604705
2026-03-31,0.024600682938478537
2026-04-01,0.00493673128911304
2026-04-02,-0.0007417856884270855
2026-04-06,0.0010642999895457683
2026-04-07,0.0019864425505030136
2026-04-08,0.01288891055025438
2026-04-09,0.0036240825699157247
2026-04-10,-0.0010300646114162317
2026-04-13,0.0048968013725891255
2026-04-14,0.008583323219183274
2026-04-15,0.002181292895467335
2026-04-16,0.0007026460067236785
2026-04-17,0.008383564472662709
2026-04-20,-0.002177804078068403
2026-04-21,-0.006884216284061128
2026-04-22,0.00647544065846649
2026-04-23,-0.0032523850366807175
2026-04-24,0.004793057593260503
2026-04-27,-0.0007629619607433369
2026-04-28,-0.004359800847438225
2026-04-29,-0.002448962622344902
2026-04-30,0.006789825383807574
2026-05-01,0.0019090450672224727
2026-05-04,-0.004936979229470297
2026-05-05,0.006260143171296684
2026-05-06,0.012911727244292895
2026-05-07,-0.0025669424436283333
